,Benchmark,Processor ,# Cores Per Chip,Processor MHz,perf_per_chip
7463,CINT2006,Intel Core i7-4650U,2.0,1700,46.5
7503,CINT2006,Intel Xeon 5160,2.0,3000,10.3
5962,CINT2006,Intel Xeon 5160,2.0,3000,10.45
6573,CINT2006,Intel Xeon 5160,2.0,3000,10.4
409,CINT2006,Intel Xeon 5160,2.0,3000,10.5
431,CINT2006,Intel Xeon 5160,2.0,3000,17.4
533,CINT2006,Intel Xeon 5160,2.0,3000,17.4
4057,CINT2006,Intel Xeon 5160,2.0,3000,11.6
3536,CINT2006,Intel Xeon 5160,2.0,3000,8.65
3473,CINT2006,Intel Xeon 5160,2.0,3000,8.45
7485,CINT2006,Intel Xeon 5160,2.0,3000,10.35
7516,CINT2006,Intel Xeon 5160,2.0,3000,10.5
7517,CINT2006,Intel Xeon 5160,2.0,3000,8.95
7533,CINT2006,Intel Xeon 5160,2.0,3000,10.5
7534,CINT2006,Intel Xeon 5160,2.0,3000,8.95
701,CINT2006,Intel Xeon 5160,2.0,3000,8.3
6128,CINT2006,Intel Xeon 5160,2.0,3000,10.4
8199,CINT2006,Intel Xeon 5160,2.0,3000,8.7
8130,CINT2006,Intel Xeon 5160,2.0,3000,10.5
1258,CINT2006,Intel Xeon 5160,2.0,3000,16.3
8039,CINT2006,Intel Xeon 5160,2.0,3000,10.5
1215,CINT2006,Intel Xeon 5160,2.0,3000,18.1
1214,CINT2006,Intel Xeon 5160,2.0,3000,20.2
624,CINT2006,Intel Xeon 7140M,2.0,3400,11.2
791,CINT2006,Intel Xeon 7140M,2.0,3400,11.2
4147,CINT2006,Intel Xeon 7140M,2.0,3400,12.8
7551,CINT2006,Intel Xeon 7140M,2.0,3400,3.2
7549,CINT2006,Intel Xeon 7140M,2.0,3400,3.2
5169,CINT2006,Intel Xeon E5-2630,6.0,2300,21.75
4348,CINT2006,Intel Xeon E5-2630,6.0,2300,21.6
5023,CINT2006,Intel Xeon E5-2630,6.0,2300,21.65
5456,CINT2006,Intel Xeon E5-2630,6.0,2300,21.65
5565,CINT2006,Intel Xeon E5-2630,6.0,2300,21.45
5670,CINT2006,Intel Xeon E5-2630,6.0,2300,21.6
5915,CINT2006,Intel Xeon E5-2630,6.0,2300,21.6
1061,CINT2006,Intel Xeon E5-2630,6.0,2300,21.75
4794,CINT2006,Intel Xeon E5-2630,6.0,2300,21.8
4523,CINT2006,Intel Xeon E5-2630,6.0,2300,21.75
4390,CINT2006,Intel Xeon E5-2630,6.0,2300,21.8
498,CINT2006,Intel Xeon E5-2630,6.0,2300,21.25
5039,CINT2006,Intel Xeon E5-2630,6.0,2300,21.8
2962,CINT2006,Intel Xeon E5-2630,6.0,2300,21.7
4107,CINT2006,Intel Xeon E5-2630,6.0,2300,21.4
736,CINT2006,Intel Xeon E5-2630,6.0,2300,21.5
2756,CINT2006,Intel Xeon E5-2630,6.0,2300,21.75
3140,CINT2006,Intel Xeon E5-2630,6.0,2300,21.9
3173,CINT2006,Intel Xeon E5-2630,6.0,2300,21.7
3412,CINT2006,Intel Xeon E5-2630,6.0,2300,21.7
2720,CINT2006,Intel Xeon E5-2630,6.0,2300,21.75
800,CINT2006,Intel Xeon E5-2630,6.0,2300,21.65
2364,CINT2006,Intel Xeon E5-2630,6.0,2300,21.5
6035,CINT2006,Intel Xeon E5-2630,6.0,2300,21.55
1971,CINT2006,Intel Xeon E5-2630,6.0,2300,21.3
1871,CINT2006,Intel Xeon E5-2630,6.0,2300,21.25
600,CINT2006,Intel Xeon E5-2630,6.0,2300,21.3
3891,CINT2006,Intel Xeon E5-2630,6.0,2300,21.7
4036,CINT2006,Intel Xeon E5-2630,6.0,2300,21.55
2856,CINT2006,Intel Xeon E5-2630,6.0,2300,21.75
1512,CINT2006,Intel Xeon E5-2630,6.0,2300,21.5
3,CINT2006,Intel Xeon E5-2630,6.0,2300,20.75
955,CINT2006,Intel Xeon E5-2630,6.0,2300,21.9
8591,CINT2006,Intel Xeon E5-2630,6.0,2300,21.35
6199,CINT2006,Intel Xeon E5-2630,6.0,2300,21.55
6198,CINT2006,Intel Xeon E5-2630 v2,6.0,2600,25.2
4877,CINT2006,Intel Xeon E5-2630 v2,6.0,2600,25.05
4795,CINT2006,Intel Xeon E5-2630 v2,6.0,2600,24.85
1993,CINT2006,Intel Xeon E5-2630 v2,6.0,2600,25.2
4504,CINT2006,Intel Xeon E5-2630 v2,6.0,2600,25.5
4112,CINT2006,Intel Xeon E5-2630 v2,6.0,2600,25.2
7312,CINT2006,Intel Xeon E5-2630 v2,6.0,2600,24.95
3897,CINT2006,Intel Xeon E5-2630 v2,6.0,2600,25.35
2363,CINT2006,Intel Xeon E5-2630 v2,6.0,2600,25.1
799,CINT2006,Intel Xeon E5-2630 v2,6.0,2600,24.05
3428,CINT2006,Intel Xeon E5-2630 v2,6.0,2600,25.2
7589,CINT2006,Intel Xeon E5-2630 v2,6.0,2600,25.2
3189,CINT2006,Intel Xeon E5-2630 v2,6.0,2600,25.2
3156,CINT2006,Intel Xeon E5-2630 v2,6.0,2600,25.15
7813,CINT2006,Intel Xeon E5-2630 v2,6.0,2600,25.15
2736,CINT2006,Intel Xeon E5-2630 v2,6.0,2600,25.25
2978,CINT2006,Intel Xeon E5-2630 v2,6.0,2600,25.2
7832,CINT2006,Intel Xeon E5-2630 v2,6.0,2600,25.15
4931,CINT2006,Intel Xeon E5-2630 v2,6.0,2600,24.85
5014,CINT2006,Intel Xeon E5-2630 v2,6.0,2600,25.05
4382,CINT2006,Intel Xeon E5-2630 v2,6.0,2600,25.05
2772,CINT2006,Intel Xeon E5-2630 v2,6.0,2600,25.2
5038,CINT2006,Intel Xeon E5-2630 v2,6.0,2600,24.85
5587,CINT2006,Intel Xeon E5-2630 v2,6.0,2600,25.2
5914,CINT2006,Intel Xeon E5-2630 v2,6.0,2600,25.2
1060,CINT2006,Intel Xeon E5-2630 v2,6.0,2600,24.0
6034,CINT2006,Intel Xeon E5-2630 v2,6.0,2600,25.25
5669,CINT2006,Intel Xeon E5-2630 v2,6.0,2600,25.35
6232,CINT2006,Intel Xeon E5-2630 v2,6.0,2600,25.3
1870,CINT2006,Intel Xeon E5-2630 v2,6.0,2600,25.1
6243,CINT2006,Intel Xeon E5-2630 v2,6.0,2600,25.3
3005,CINT2006,Intel Xeon E5-2630 v3,8.0,2400,29.3
7294,CINT2006,Intel Xeon E5-2630 v3,8.0,2400,29.0
8563,CINT2006,Intel Xeon E5-2630 v3,8.0,2400,29.1
3985,CINT2006,Intel Xeon E5-2630 v3,8.0,2400,29.3
3914,CINT2006,Intel Xeon E5-2630 v3,8.0,2400,29.45
5292,CINT2006,Intel Xeon E5-2630 v3,8.0,2400,29.25
8016,CINT2006,Intel Xeon E5-2630 v3,8.0,2400,29.35
7340,CINT2006,Intel Xeon E5-2630 v3,8.0,2400,29.0
1083,CINT2006,Intel Xeon E5-2630 v3,8.0,2400,29.05
2835,CINT2006,Intel Xeon E5-2630 v3,8.0,2400,29.5
7410,CINT2006,Intel Xeon E5-2630 v3,8.0,2400,29.35
4082,CINT2006,Intel Xeon E5-2630 v3,8.0,2400,29.35
7864,CINT2006,Intel Xeon E5-2630 v3,8.0,2400,29.3
7637,CINT2006,Intel Xeon E5-2630 v3,8.0,2400,29.5
7844,CINT2006,Intel Xeon E5-2630 v3,8.0,2400,29.5
3045,CINT2006,Intel Xeon E5-2630 v3,8.0,2400,29.05
2555,CINT2006,Intel Xeon E5-2630 v3,8.0,2400,29.65
5239,CINT2006,Intel Xeon E5-2630 v3,8.0,2400,29.25
6985,CINT2006,Intel Xeon E5-2630 v3,8.0,2400,29.15
4546,CINT2006,Intel Xeon E5-2630 v3,8.0,2400,29.2
8111,CINT2006,Intel Xeon E5-2630 v3,8.0,2400,25.2
4957,CINT2006,Intel Xeon E5-2630 v3,8.0,2400,29.8
5058,CINT2006,Intel Xeon E5-2630 v3,8.0,2400,29.25
7111,CINT2006,Intel Xeon E5-2630 v3,8.0,2400,29.2
980,CINT2006,Intel Xeon E5-2630 v3,8.0,2400,29.25
4819,CINT2006,Intel Xeon E5-2630 v3,8.0,2400,28.9
1349,CINT2006,Intel Xeon E5-2630 v3,8.0,2400,28.75
4711,CINT2006,Intel Xeon E5-2630 v3,8.0,2400,29.75
4639,CINT2006,Intel Xeon E5-2630 v3,8.0,2400,29.35
4547,CINT2006,Intel Xeon E5-2630 v3,8.0,2400,28.85
7258,CINT2006,Intel Xeon E5-2630 v3,8.0,2400,29.45
5185,CINT2006,Intel Xeon E5-2630 v3,8.0,2400,29.5
4017,CINT2006,Intel Xeon E5-2630 v3,8.0,2400,29.25
4414,CINT2006,Intel Xeon E5-2630 v3,8.0,2400,29.35
827,CINT2006,Intel Xeon E5-2630 v3,8.0,2400,29.25
4200,CINT2006,Intel Xeon E5-2630 v3,8.0,2400,29.4
7166,CINT2006,Intel Xeon E5-2630 v3,8.0,2400,28.9
4291,CINT2006,Intel Xeon E5-2630 v3,8.0,2400,29.65
7238,CINT2006,Intel Xeon E5-2630 v3,8.0,2400,29.45
2790,CINT2006,Intel Xeon E5-2630 v3,8.0,2400,29.5
2008,CINT2006,Intel Xeon E5-2630 v3,8.0,2400,29.2
8515,CINT2006,Intel Xeon E5-2630 v4,10.0,2200,32.0
7887,CINT2006,Intel Xeon E5-2630 v4,10.0,2200,31.7
2009,CINT2006,Intel Xeon E5-2630 v4,10.0,2200,31.85
8502,CINT2006,Intel Xeon E5-2630 v4,10.0,2200,31.85
981,CINT2006,Intel Xeon E5-2630 v4,10.0,2200,31.6
7917,CINT2006,Intel Xeon E5-2630 v4,10.0,2200,31.65
2598,CINT2006,Intel Xeon E5-2630 v4,10.0,2200,31.5
1900,CINT2006,Intel Xeon E5-2630 v4,10.0,2200,31.35
8576,CINT2006,Intel Xeon E5-2630 v4,10.0,2200,31.9
1084,CINT2006,Intel Xeon E5-2630 v4,10.0,2200,31.45
8022,CINT2006,Intel Xeon E5-2630 v4,10.0,2200,31.65
2397,CINT2006,Intel Xeon E5-2630 v4,10.0,2200,31.35
7910,CINT2006,Intel Xeon E5-2630 v4,10.0,2200,31.7
2576,CINT2006,Intel Xeon E5-2630 v4,10.0,2200,31.6
7894,CINT2006,Intel Xeon E5-2630 v4,10.0,2200,31.65
2057,CINT2006,Intel Xeon E5-2630 v4,10.0,2200,31.85
3824,CINT2006,Intel Xeon E5-2630 v4,10.0,2200,32.65
3024,CINT2006,Intel Xeon E5-2630 v4,10.0,2200,31.5
6325,CINT2006,Intel Xeon E5-2630 v4,10.0,2200,31.8
6330,CINT2006,Intel Xeon E5-2630 v4,10.0,2200,31.85
6331,CINT2006,Intel Xeon E5-2630 v4,10.0,2200,31.85
6338,CINT2006,Intel Xeon E5-2630 v4,10.0,2200,31.75
6345,CINT2006,Intel Xeon E5-2630 v4,10.0,2200,31.85
5336,CINT2006,Intel Xeon E5-2630 v4,10.0,2200,31.55
5283,CINT2006,Intel Xeon E5-2630 v4,10.0,2200,31.55
5225,CINT2006,Intel Xeon E5-2630 v4,10.0,2200,31.55
6939,CINT2006,Intel Xeon E5-2630 v4,10.0,2200,31.65
5165,CINT2006,Intel Xeon E5-2630 v4,10.0,2200,31.65
6964,CINT2006,Intel Xeon E5-2630 v4,10.0,2200,31.7
7086,CINT2006,Intel Xeon E5-2630 v4,10.0,2200,31.7
7130,CINT2006,Intel Xeon E5-2630 v4,10.0,2200,31.7
4588,CINT2006,Intel Xeon E5-2630 v4,10.0,2200,31.65
7144,CINT2006,Intel Xeon E5-2630 v4,10.0,2200,31.7
7230,CINT2006,Intel Xeon E5-2630 v4,10.0,2200,31.3
4326,CINT2006,Intel Xeon E5-2630 v4,10.0,2200,31.6
7250,CINT2006,Intel Xeon E5-2630 v4,10.0,2200,31.3
7275,CINT2006,Intel Xeon E5-2630 v4,10.0,2200,31.3
7321,CINT2006,Intel Xeon E5-2630 v4,10.0,2200,31.25
3812,CINT2006,Intel Xeon E5-2630 v4,10.0,2200,31.6
3800,CINT2006,Intel Xeon E5-2630 v4,10.0,2200,31.7
3724,CINT2006,Intel Xeon E5-2630 v4,10.0,2200,31.45
3701,CINT2006,Intel Xeon E5-2630 v4,10.0,2200,31.4
3670,CINT2006,Intel Xeon E5-2630 v4,10.0,2200,31.5
7374,CINT2006,Intel Xeon E5-2630 v4,10.0,2200,32.7
7396,CINT2006,Intel Xeon E5-2630 v4,10.0,2200,31.45
7645,CINT2006,Intel Xeon E5-2630 v4,10.0,2200,31.75
3068,CINT2006,Intel Xeon E5-2630 v4,10.0,2200,31.5
2812,CINT2006,Intel Xeon E5-2630 v4,10.0,2200,31.5
4863,CINT2006,Intel Xeon E5-2630 v4,10.0,2200,31.6
5000,CINT2006,Intel Xeon E5-2630 v4,10.0,2200,31.6
28,CINT2006,Intel Xeon E5-2630 v4,10.0,2200,31.9
828,CINT2006,Intel Xeon E5-2630 v4,10.0,2200,31.65
6,CINT2006,Intel Xeon E5-2630 v4,10.0,2200,31.2
16,CINT2006,Intel Xeon E5-2630 v4,10.0,2200,31.3
2721,CINT2006,Intel Xeon E5-2630L,6.0,2000,19.6
2857,CINT2006,Intel Xeon E5-2630L,6.0,2000,19.7
7797,CINT2006,Intel Xeon E5-2630L,6.0,2000,19.4
7787,CINT2006,Intel Xeon E5-2630L,6.0,2000,19.4
1873,CINT2006,Intel Xeon E5-2630L,6.0,2000,19.2
737,CINT2006,Intel Xeon E5-2630L,6.0,2000,19.35
7580,CINT2006,Intel Xeon E5-2630L,6.0,2000,19.45
2963,CINT2006,Intel Xeon E5-2630L,6.0,2000,19.65
2366,CINT2006,Intel Xeon E5-2630L,6.0,2000,19.35
3413,CINT2006,Intel Xeon E5-2630L,6.0,2000,19.6
5170,CINT2006,Intel Xeon E5-2630L,6.0,2000,19.5
3174,CINT2006,Intel Xeon E5-2630L,6.0,2000,19.6
1513,CINT2006,Intel Xeon E5-2630L,6.0,2000,19.4
5457,CINT2006,Intel Xeon E5-2630L,6.0,2000,19.4
5566,CINT2006,Intel Xeon E5-2630L,6.0,2000,19.5
5671,CINT2006,Intel Xeon E5-2630L,6.0,2000,19.35
5916,CINT2006,Intel Xeon E5-2630L,6.0,2000,19.35
6037,CINT2006,Intel Xeon E5-2630L,6.0,2000,19.4
6201,CINT2006,Intel Xeon E5-2630L,6.0,2000,19.4
3633,CINT2006,Intel Xeon E5-2630L,6.0,2000,19.35
1972,CINT2006,Intel Xeon E5-2630L,6.0,2000,19.35
3595,CINT2006,Intel Xeon E5-2630L,6.0,2000,19.35
499,CINT2006,Intel Xeon E5-2630L,6.0,2000,19.2
956,CINT2006,Intel Xeon E5-2630L,6.0,2000,19.75
8592,CINT2006,Intel Xeon E5-2630L,6.0,2000,19.05
4349,CINT2006,Intel Xeon E5-2630L,6.0,2000,19.45
2757,CINT2006,Intel Xeon E5-2630L,6.0,2000,19.7
8488,CINT2006,Intel Xeon E5-2630L,6.0,2000,19.55
8485,CINT2006,Intel Xeon E5-2630L,6.0,2000,19.45
8482,CINT2006,Intel Xeon E5-2630L,6.0,2000,19.2
8343,CINT2006,Intel Xeon E5-2630L,6.0,2000,18.75
8659,CINT2006,Intel Xeon E5-2630L,6.0,2000,19.25
3141,CINT2006,Intel Xeon E5-2630L,6.0,2000,19.55
601,CINT2006,Intel Xeon E5-2630L,6.0,2000,19.35
2365,CINT2006,Intel Xeon E5-2630L v2,6.0,2400,22.8
7814,CINT2006,Intel Xeon E5-2630L v2,6.0,2400,22.9
3157,CINT2006,Intel Xeon E5-2630L v2,6.0,2400,22.9
3190,CINT2006,Intel Xeon E5-2630L v2,6.0,2400,22.95
3894,CINT2006,Intel Xeon E5-2630L v2,6.0,2400,23.2
7011,CINT2006,Intel Xeon E5-2630L v2,6.0,2400,23.2
2979,CINT2006,Intel Xeon E5-2630L v2,6.0,2400,23.0
1062,CINT2006,Intel Xeon E5-2630L v2,6.0,2400,21.7
5015,CINT2006,Intel Xeon E5-2630L v2,6.0,2400,22.95
4109,CINT2006,Intel Xeon E5-2630L v2,6.0,2400,22.95
6036,CINT2006,Intel Xeon E5-2630L v2,6.0,2400,23.1
3429,CINT2006,Intel Xeon E5-2630L v2,6.0,2400,22.95
2737,CINT2006,Intel Xeon E5-2630L v2,6.0,2400,22.75
6200,CINT2006,Intel Xeon E5-2630L v2,6.0,2400,23.0
4878,CINT2006,Intel Xeon E5-2630L v2,6.0,2400,22.95
1994,CINT2006,Intel Xeon E5-2630L v2,6.0,2400,22.8
1872,CINT2006,Intel Xeon E5-2630L v2,6.0,2400,21.4
2773,CINT2006,Intel Xeon E5-2630L v2,6.0,2400,22.9
7833,CINT2006,Intel Xeon E5-2630L v2,6.0,2400,22.9
6233,CINT2006,Intel Xeon E5-2630L v2,6.0,2400,23.1
6911,CINT2006,Intel Xeon E5-2630L v2,6.0,2400,22.9
4505,CINT2006,Intel Xeon E5-2630L v2,6.0,2400,23.2
4072,CINT2006,Intel Xeon E5-2630L v3,8.0,1800,26.5
4821,CINT2006,Intel Xeon E5-2630L v3,8.0,1800,25.0
3903,CINT2006,Intel Xeon E5-2630L v3,8.0,1800,26.55
4006,CINT2006,Intel Xeon E5-2630L v3,8.0,1800,26.3
5341,CINT2006,Intel Xeon E5-2630L v3,8.0,1800,24.8
5186,CINT2006,Intel Xeon E5-2630L v3,8.0,1800,26.85
5339,CINT2006,Intel Xeon E5-2630L v3,8.0,1800,24.75
4292,CINT2006,Intel Xeon E5-2630L v3,8.0,1800,26.8
5293,CINT2006,Intel Xeon E5-2630L v3,8.0,1800,26.85
5240,CINT2006,Intel Xeon E5-2630L v3,8.0,1800,26.85
4548,CINT2006,Intel Xeon E5-2630L v3,8.0,1800,26.9
829,CINT2006,Intel Xeon E5-2630L v3,8.0,1800,26.5
5059,CINT2006,Intel Xeon E5-2630L v3,8.0,1800,26.55
4958,CINT2006,Intel Xeon E5-2630L v3,8.0,1800,26.4
4897,CINT2006,Intel Xeon E5-2630L v3,8.0,1800,25.0
4640,CINT2006,Intel Xeon E5-2630L v3,8.0,1800,26.45
4712,CINT2006,Intel Xeon E5-2630L v3,8.0,1800,26.7
4820,CINT2006,Intel Xeon E5-2630L v3,8.0,1800,26.45
5340,CINT2006,Intel Xeon E5-2630L v3,8.0,1800,24.75
4415,CINT2006,Intel Xeon E5-2630L v3,8.0,1800,26.45
3980,CINT2006,Intel Xeon E5-2630L v3,8.0,1800,26.5
1350,CINT2006,Intel Xeon E5-2630L v3,8.0,1800,25.8
982,CINT2006,Intel Xeon E5-2630L v3,8.0,1800,26.5
2791,CINT2006,Intel Xeon E5-2630L v3,8.0,1800,26.75
2836,CINT2006,Intel Xeon E5-2630L v3,8.0,1800,26.75
2556,CINT2006,Intel Xeon E5-2630L v3,8.0,1800,26.55
7845,CINT2006,Intel Xeon E5-2630L v3,8.0,1800,26.45
1085,CINT2006,Intel Xeon E5-2630L v3,8.0,1800,26.5
7638,CINT2006,Intel Xeon E5-2630L v3,8.0,1800,26.5
7596,CINT2006,Intel Xeon E5-2630L v3,8.0,1800,26.1
7341,CINT2006,Intel Xeon E5-2630L v3,8.0,1800,26.45
7295,CINT2006,Intel Xeon E5-2630L v3,8.0,1800,26.45
7259,CINT2006,Intel Xeon E5-2630L v3,8.0,1800,26.6
7239,CINT2006,Intel Xeon E5-2630L v3,8.0,1800,26.6
7167,CINT2006,Intel Xeon E5-2630L v3,8.0,1800,26.3
3006,CINT2006,Intel Xeon E5-2630L v3,8.0,1800,26.65
7112,CINT2006,Intel Xeon E5-2630L v3,8.0,1800,26.35
7411,CINT2006,Intel Xeon E5-2630L v3,8.0,1800,26.3
3046,CINT2006,Intel Xeon E5-2630L v3,8.0,1800,26.8
7054,CINT2006,Intel Xeon E5-2630L v3,8.0,1800,27.75
6986,CINT2006,Intel Xeon E5-2630L v3,8.0,1800,26.55
5060,CINT2006,Intel Xeon E5-2630L v4,10.0,1800,29.6
2577,CINT2006,Intel Xeon E5-2630L v4,10.0,1800,29.45
4641,CINT2006,Intel Xeon E5-2630L v4,10.0,1800,29.7
3090,CINT2006,Intel Xeon E5-2630L v4,10.0,1800,29.5
1369,CINT2006,Intel Xeon E5-2630L v4,10.0,1800,29.2
7316,CINT2006,Intel Xeon E5-2630L v4,10.0,1800,29.3
2813,CINT2006,Intel Xeon E5-2630L v4,10.0,1800,29.5
5001,CINT2006,Intel Xeon E5-2630L v4,10.0,1800,29.45
830,CINT2006,Intel Xeon E5-2630L v4,10.0,1800,29.45
7391,CINT2006,Intel Xeon E5-2630L v4,10.0,1800,29.3
4416,CINT2006,Intel Xeon E5-2630L v4,10.0,1800,29.7
2010,CINT2006,Intel Xeon E5-2630L v4,10.0,1800,29.3
3719,CINT2006,Intel Xeon E5-2630L v4,10.0,1800,29.5
4864,CINT2006,Intel Xeon E5-2630L v4,10.0,1800,29.35
3696,CINT2006,Intel Xeon E5-2630L v4,10.0,1800,29.4
7077,CINT2006,Intel Xeon E5-2630L v4,10.0,1800,29.7
3665,CINT2006,Intel Xeon E5-2630L v4,10.0,1800,29.35
4589,CINT2006,Intel Xeon E5-2630L v4,10.0,1800,29.5
1901,CINT2006,Intel Xeon E5-2630L v4,10.0,1800,29.4
1086,CINT2006,Intel Xeon E5-2630L v4,10.0,1800,29.4
6933,CINT2006,Intel Xeon E5-2630L v4,10.0,1800,29.7
1351,CINT2006,Intel Xeon E5-2630L v4,10.0,1800,29.1
7270,CINT2006,Intel Xeon E5-2630L v4,10.0,1800,29.35
6959,CINT2006,Intel Xeon E5-2630L v4,10.0,1800,29.75
1527,CINT2006,Intel Xeon E5-2630L v4,10.0,1800,29.1
5337,CINT2006,Intel Xeon E5-2630L v4,10.0,1800,29.45
3025,CINT2006,Intel Xeon E5-2630L v4,10.0,1800,29.55
4327,CINT2006,Intel Xeon E5-2630L v4,10.0,1800,29.65
2399,CINT2006,Intel Xeon E5-2630L v4,10.0,1800,29.5
7186,CINT2006,Intel Xeon E5-2630L v4,10.0,1800,29.7
3819,CINT2006,Intel Xeon E5-2630L v4,10.0,1800,29.9
2398,CINT2006,Intel Xeon E5-2630L v4,10.0,1800,29.35
5284,CINT2006,Intel Xeon E5-2630L v4,10.0,1800,29.45
7227,CINT2006,Intel Xeon E5-2630L v4,10.0,1800,29.35
5226,CINT2006,Intel Xeon E5-2630L v4,10.0,1800,29.45
3069,CINT2006,Intel Xeon E5-2630L v4,10.0,1800,29.5
3770,CINT2006,Intel Xeon E5-2630L v4,10.0,1800,29.4
7247,CINT2006,Intel Xeon E5-2630L v4,10.0,1800,29.35
5166,CINT2006,Intel Xeon E5-2630L v4,10.0,1800,29.5
2599,CINT2006,Intel Xeon E5-2630L v4,10.0,1800,29.6
983,CINT2006,Intel Xeon E5-2630L v4,10.0,1800,29.45
8588,CINT2006,Intel Xeon E5-2670,8.0,2600,26.1
3619,CINT2006,Intel Xeon E5-2670,8.0,2600,26.3
258,CINT2006,Intel Xeon E5-2670,8.0,2600,25.4
746,CINT2006,Intel Xeon E5-2670,8.0,2600,26.05
3640,CINT2006,Intel Xeon E5-2670,8.0,2600,26.3
4513,CINT2006,Intel Xeon E5-2670,8.0,2600,26.35
4365,CINT2006,Intel Xeon E5-2670,8.0,2600,26.35
1073,CINT2006,Intel Xeon E5-2670,8.0,2600,26.55
1986,CINT2006,Intel Xeon E5-2670,8.0,2600,26.1
2766,CINT2006,Intel Xeon E5-2670,8.0,2600,26.55
610,CINT2006,Intel Xeon E5-2670,8.0,2600,26.1
6222,CINT2006,Intel Xeon E5-2670,8.0,2600,26.2
507,CINT2006,Intel Xeon E5-2670,8.0,2600,26.05
8533,CINT2006,Intel Xeon E5-2670,8.0,2600,26.25
3150,CINT2006,Intel Xeon E5-2670,8.0,2600,26.35
5575,CINT2006,Intel Xeon E5-2670,8.0,2600,26.25
1890,CINT2006,Intel Xeon E5-2670,8.0,2600,26.05
3602,CINT2006,Intel Xeon E5-2670,8.0,2600,26.3
211,CINT2006,Intel Xeon E5-2670,8.0,2600,25.15
5468,CINT2006,Intel Xeon E5-2670,8.0,2600,26.05
206,CINT2006,Intel Xeon E5-2670,8.0,2600,25.15
5685,CINT2006,Intel Xeon E5-2670,8.0,2600,26.15
1522,CINT2006,Intel Xeon E5-2670,8.0,2600,26.0
3183,CINT2006,Intel Xeon E5-2670,8.0,2600,26.45
5177,CINT2006,Intel Xeon E5-2670,8.0,2600,26.5
5931,CINT2006,Intel Xeon E5-2670,8.0,2600,26.0
2383,CINT2006,Intel Xeon E5-2670,8.0,2600,26.05
2730,CINT2006,Intel Xeon E5-2670,8.0,2600,26.6
2972,CINT2006,Intel Xeon E5-2670,8.0,2600,26.6
3422,CINT2006,Intel Xeon E5-2670,8.0,2600,26.45
341,CINT2006,Intel Xeon E5-2670,8.0,2600,26.2
7583,CINT2006,Intel Xeon E5-2670,8.0,2600,26.25
4806,CINT2006,Intel Xeon E5-2670,8.0,2600,26.5
2866,CINT2006,Intel Xeon E5-2670,8.0,2600,26.55
7802,CINT2006,Intel Xeon E5-2670,8.0,2600,26.15
144,CINT2006,Intel Xeon E5-2670,8.0,2600,26.15
3544,CINT2006,Intel Xeon E5-2670,8.0,2600,26.3
262,CINT2006,Intel Xeon E5-2670,8.0,2600,25.4
7790,CINT2006,Intel Xeon E5-2670,8.0,2600,26.15
6056,CINT2006,Intel Xeon E5-2670,8.0,2600,25.95
2781,CINT2006,Intel Xeon E5-2670 v2,10.0,2500,28.25
2382,CINT2006,Intel Xeon E5-2670 v2,10.0,2500,28.5
816,CINT2006,Intel Xeon E5-2670 v2,10.0,2500,25.3
2987,CINT2006,Intel Xeon E5-2670 v2,10.0,2500,28.45
3618,CINT2006,Intel Xeon E5-2670 v2,10.0,2500,28.05
3543,CINT2006,Intel Xeon E5-2670 v2,10.0,2500,28.05
3437,CINT2006,Intel Xeon E5-2670 v2,10.0,2500,28.5
2745,CINT2006,Intel Xeon E5-2670 v2,10.0,2500,28.45
3896,CINT2006,Intel Xeon E5-2670 v2,10.0,2500,28.5
3639,CINT2006,Intel Xeon E5-2670 v2,10.0,2500,28.2
3601,CINT2006,Intel Xeon E5-2670 v2,10.0,2500,28.2
3198,CINT2006,Intel Xeon E5-2670 v2,10.0,2500,28.5
3165,CINT2006,Intel Xeon E5-2670 v2,10.0,2500,28.45
8627,CINT2006,Intel Xeon E5-2670 v2,10.0,2500,28.35
5008,CINT2006,Intel Xeon E5-2670 v2,10.0,2500,28.75
7819,CINT2006,Intel Xeon E5-2670 v2,10.0,2500,28.45
7838,CINT2006,Intel Xeon E5-2670 v2,10.0,2500,28.45
5033,CINT2006,Intel Xeon E5-2670 v2,10.0,2500,28.5
1072,CINT2006,Intel Xeon E5-2670 v2,10.0,2500,25.45
4871,CINT2006,Intel Xeon E5-2670 v2,10.0,2500,28.85
5593,CINT2006,Intel Xeon E5-2670 v2,10.0,2500,28.5
1889,CINT2006,Intel Xeon E5-2670 v2,10.0,2500,25.4
5684,CINT2006,Intel Xeon E5-2670 v2,10.0,2500,28.4
8781,CINT2006,Intel Xeon E5-2670 v2,10.0,2500,28.3
5111,CINT2006,Intel Xeon E5-2670 v2,10.0,2500,28.8
6221,CINT2006,Intel Xeon E5-2670 v2,10.0,2500,28.5
4620,CINT2006,Intel Xeon E5-2670 v2,10.0,2500,28.85
8777,CINT2006,Intel Xeon E5-2670 v2,10.0,2500,28.25
6238,CINT2006,Intel Xeon E5-2670 v2,10.0,2500,28.6
969,CINT2006,Intel Xeon E5-2670 v2,10.0,2500,25.55
4220,CINT2006,Intel Xeon E5-2670 v2,10.0,2500,28.5
7044,CINT2006,Intel Xeon E5-2670 v2,10.0,2500,28.6
4603,CINT2006,Intel Xeon E5-2670 v2,10.0,2500,28.55
4394,CINT2006,Intel Xeon E5-2670 v2,10.0,2500,28.85
4364,CINT2006,Intel Xeon E5-2670 v2,10.0,2500,28.9
8528,CINT2006,Intel Xeon E5-2670 v2,10.0,2500,28.5
1985,CINT2006,Intel Xeon E5-2670 v2,10.0,2500,28.35
4512,CINT2006,Intel Xeon E5-2670 v2,10.0,2500,28.4
4532,CINT2006,Intel Xeon E5-2670 v2,10.0,2500,28.85
7134,CINT2006,Intel Xeon E5-2670 v2,10.0,2500,28.6
7592,CINT2006,Intel Xeon E5-2670 v2,10.0,2500,28.25
7176,CINT2006,Intel Xeon E5-2670 v3,12.0,2300,29.35
7303,CINT2006,Intel Xeon E5-2670 v3,12.0,2300,29.1
7349,CINT2006,Intel Xeon E5-2670 v3,12.0,2300,29.15
7419,CINT2006,Intel Xeon E5-2670 v3,12.0,2300,29.45
32,CINT2006,Intel Xeon E5-2670 v3,12.0,2300,30.0
7879,CINT2006,Intel Xeon E5-2670 v3,12.0,2300,29.55
2844,CINT2006,Intel Xeon E5-2670 v3,12.0,2300,29.45
3014,CINT2006,Intel Xeon E5-2670 v3,12.0,2300,29.65
2799,CINT2006,Intel Xeon E5-2670 v3,12.0,2300,29.45
8117,CINT2006,Intel Xeon E5-2670 v3,12.0,2300,29.2
8348,CINT2006,Intel Xeon E5-2670 v3,12.0,2300,29.0
21,CINT2006,Intel Xeon E5-2670 v3,12.0,2300,29.9
8566,CINT2006,Intel Xeon E5-2670 v3,12.0,2300,29.2
8607,CINT2006,Intel Xeon E5-2670 v3,12.0,2300,29.2
7856,CINT2006,Intel Xeon E5-2670 v3,12.0,2300,29.55
7121,CINT2006,Intel Xeon E5-2670 v3,12.0,2300,29.35
4011,CINT2006,Intel Xeon E5-2670 v3,12.0,2300,29.4
3056,CINT2006,Intel Xeon E5-2670 v3,12.0,2300,29.6
4077,CINT2006,Intel Xeon E5-2670 v3,12.0,2300,29.35
4309,CINT2006,Intel Xeon E5-2670 v3,12.0,2300,29.9
4440,CINT2006,Intel Xeon E5-2670 v3,12.0,2300,29.45
4441,CINT2006,Intel Xeon E5-2670 v3,12.0,2300,27.8
4566,CINT2006,Intel Xeon E5-2670 v3,12.0,2300,28.95
4665,CINT2006,Intel Xeon E5-2670 v3,12.0,2300,29.45
4696,CINT2006,Intel Xeon E5-2670 v3,12.0,2300,30.7
4722,CINT2006,Intel Xeon E5-2670 v3,12.0,2300,29.95
4843,CINT2006,Intel Xeon E5-2670 v3,12.0,2300,29.3
4844,CINT2006,Intel Xeon E5-2670 v3,12.0,2300,27.55
4903,CINT2006,Intel Xeon E5-2670 v3,12.0,2300,27.65
4979,CINT2006,Intel Xeon E5-2670 v3,12.0,2300,29.25
4980,CINT2006,Intel Xeon E5-2670 v3,12.0,2300,27.7
5078,CINT2006,Intel Xeon E5-2670 v3,12.0,2300,30.1
5079,CINT2006,Intel Xeon E5-2670 v3,12.0,2300,30.1
5080,CINT2006,Intel Xeon E5-2670 v3,12.0,2300,30.0
5081,CINT2006,Intel Xeon E5-2670 v3,12.0,2300,29.45
5203,CINT2006,Intel Xeon E5-2670 v3,12.0,2300,29.95
5258,CINT2006,Intel Xeon E5-2670 v3,12.0,2300,29.95
5259,CINT2006,Intel Xeon E5-2670 v3,12.0,2300,28.75
5311,CINT2006,Intel Xeon E5-2670 v3,12.0,2300,29.95
3908,CINT2006,Intel Xeon E5-2670 v3,12.0,2300,29.55
6993,CINT2006,Intel Xeon E5-2670 v3,12.0,2300,29.45
7063,CINT2006,Intel Xeon E5-2670 v3,12.0,2300,29.45
5312,CINT2006,Intel Xeon E5-2670 v3,12.0,2300,28.75
4666,CINT2006,Intel Xeon E5-2670 v3,12.0,2300,27.8
1360,CINT2006,Intel Xeon E5-2670 v3,12.0,2300,29.1
998,CINT2006,Intel Xeon E5-2670 v3,12.0,2300,29.4
846,CINT2006,Intel Xeon E5-2670 v3,12.0,2300,29.4
1101,CINT2006,Intel Xeon E5-2670 v3,12.0,2300,29.35
2564,CINT2006,Intel Xeon E5-2670 v3,12.0,2300,29.5
2027,CINT2006,Intel Xeon E5-2670 v3,12.0,2300,28.3
8599,CINT2006,Intel Xeon E5-2680,8.0,2700,27.35
5178,CINT2006,Intel Xeon E5-2680,8.0,2700,27.9
1074,CINT2006,Intel Xeon E5-2680,8.0,2700,27.9
4514,CINT2006,Intel Xeon E5-2680,8.0,2700,27.75
8579,CINT2006,Intel Xeon E5-2680,8.0,2700,27.6
3603,CINT2006,Intel Xeon E5-2680,8.0,2700,27.7
8324,CINT2006,Intel Xeon E5-2680,8.0,2700,26.45
4947,CINT2006,Intel Xeon E5-2680,8.0,2700,26.35
4946,CINT2006,Intel Xeon E5-2680,8.0,2700,27.75
3641,CINT2006,Intel Xeon E5-2680,8.0,2700,27.7
3151,CINT2006,Intel Xeon E5-2680,8.0,2700,28.0
611,CINT2006,Intel Xeon E5-2680,8.0,2700,27.45
2867,CINT2006,Intel Xeon E5-2680,8.0,2700,28.05
8484,CINT2006,Intel Xeon E5-2680,8.0,2700,27.3
1892,CINT2006,Intel Xeon E5-2680,8.0,2700,27.3
4808,CINT2006,Intel Xeon E5-2680,8.0,2700,27.75
2973,CINT2006,Intel Xeon E5-2680,8.0,2700,27.8
970,CINT2006,Intel Xeon E5-2680,8.0,2700,28.1
747,CINT2006,Intel Xeon E5-2680,8.0,2700,27.4
4785,CINT2006,Intel Xeon E5-2680,8.0,2700,28.15
3184,CINT2006,Intel Xeon E5-2680,8.0,2700,27.9
5932,CINT2006,Intel Xeon E5-2680,8.0,2700,27.45
5687,CINT2006,Intel Xeon E5-2680,8.0,2700,27.65
5686,CINT2006,Intel Xeon E5-2680,8.0,2700,27.5
508,CINT2006,Intel Xeon E5-2680,8.0,2700,27.3
4366,CINT2006,Intel Xeon E5-2680,8.0,2700,27.8
6058,CINT2006,Intel Xeon E5-2680,8.0,2700,27.65
5576,CINT2006,Intel Xeon E5-2680,8.0,2700,27.45
5469,CINT2006,Intel Xeon E5-2680,8.0,2700,27.7
2731,CINT2006,Intel Xeon E5-2680,8.0,2700,28.05
818,CINT2006,Intel Xeon E5-2680,8.0,2700,27.65
3423,CINT2006,Intel Xeon E5-2680,8.0,2700,27.9
1988,CINT2006,Intel Xeon E5-2680,8.0,2700,27.45
1523,CINT2006,Intel Xeon E5-2680,8.0,2700,27.5
6224,CINT2006,Intel Xeon E5-2680,8.0,2700,27.6
2385,CINT2006,Intel Xeon E5-2680,8.0,2700,27.4
2767,CINT2006,Intel Xeon E5-2680,8.0,2700,28.05
4621,CINT2006,Intel Xeon E5-2680 v2,10.0,2800,31.15
7045,CINT2006,Intel Xeon E5-2680 v2,10.0,2800,31.05
4604,CINT2006,Intel Xeon E5-2680 v2,10.0,2800,30.95
4533,CINT2006,Intel Xeon E5-2680 v2,10.0,2800,30.9
2988,CINT2006,Intel Xeon E5-2680 v2,10.0,2800,30.55
2384,CINT2006,Intel Xeon E5-2680 v2,10.0,2800,30.75
4369,CINT2006,Intel Xeon E5-2680 v2,10.0,2800,31.2
1987,CINT2006,Intel Xeon E5-2680 v2,10.0,2800,30.6
971,CINT2006,Intel Xeon E5-2680 v2,10.0,2800,27.2
4395,CINT2006,Intel Xeon E5-2680 v2,10.0,2800,31.3
4499,CINT2006,Intel Xeon E5-2680 v2,10.0,2800,31.0
4945,CINT2006,Intel Xeon E5-2680 v2,10.0,2800,31.25
4807,CINT2006,Intel Xeon E5-2680 v2,10.0,2800,31.25
817,CINT2006,Intel Xeon E5-2680 v2,10.0,2800,25.6
6057,CINT2006,Intel Xeon E5-2680 v2,10.0,2800,30.8
5594,CINT2006,Intel Xeon E5-2680 v2,10.0,2800,30.8
3199,CINT2006,Intel Xeon E5-2680 v2,10.0,2800,30.85
6223,CINT2006,Intel Xeon E5-2680 v2,10.0,2800,30.95
2746,CINT2006,Intel Xeon E5-2680 v2,10.0,2800,30.75
3438,CINT2006,Intel Xeon E5-2680 v2,10.0,2800,30.85
2782,CINT2006,Intel Xeon E5-2680 v2,10.0,2800,30.55
5047,CINT2006,Intel Xeon E5-2680 v2,10.0,2800,31.25
5034,CINT2006,Intel Xeon E5-2680 v2,10.0,2800,30.9
6239,CINT2006,Intel Xeon E5-2680 v2,10.0,2800,31.05
1075,CINT2006,Intel Xeon E5-2680 v2,10.0,2800,27.4
1891,CINT2006,Intel Xeon E5-2680 v2,10.0,2800,27.2
6928,CINT2006,Intel Xeon E5-2680 v2,10.0,2800,31.05
6922,CINT2006,Intel Xeon E5-2680 v2,10.0,2800,31.05
4115,CINT2006,Intel Xeon E5-2680 v2,10.0,2800,30.9
3166,CINT2006,Intel Xeon E5-2680 v2,10.0,2800,30.55
4083,CINT2006,Intel Xeon E5-2680 v3,12.0,2500,31.15
8329,CINT2006,Intel Xeon E5-2680 v3,12.0,2500,31.2
3915,CINT2006,Intel Xeon E5-2680 v3,12.0,2500,31.4
8349,CINT2006,Intel Xeon E5-2680 v3,12.0,2500,30.35
7350,CINT2006,Intel Xeon E5-2680 v3,12.0,2500,31.05
8330,CINT2006,Intel Xeon E5-2680 v3,12.0,2500,30.9
4018,CINT2006,Intel Xeon E5-2680 v3,12.0,2500,31.15
7177,CINT2006,Intel Xeon E5-2680 v3,12.0,2500,30.75
7264,CINT2006,Intel Xeon E5-2680 v3,12.0,2500,30.35
999,CINT2006,Intel Xeon E5-2680 v3,12.0,2500,31.1
22,CINT2006,Intel Xeon E5-2680 v3,12.0,2500,31.55
7304,CINT2006,Intel Xeon E5-2680 v3,12.0,2500,31.1
4845,CINT2006,Intel Xeon E5-2680 v3,12.0,2500,31.0
4668,CINT2006,Intel Xeon E5-2680 v3,12.0,2500,29.35
4310,CINT2006,Intel Xeon E5-2680 v3,12.0,2500,31.75
33,CINT2006,Intel Xeon E5-2680 v3,12.0,2500,32.05
8018,CINT2006,Intel Xeon E5-2680 v3,12.0,2500,31.35
8118,CINT2006,Intel Xeon E5-2680 v3,12.0,2500,28.3
40,CINT2006,Intel Xeon E5-2680 v3,12.0,2500,30.0
5314,CINT2006,Intel Xeon E5-2680 v3,12.0,2500,31.4
5313,CINT2006,Intel Xeon E5-2680 v3,12.0,2500,31.45
5261,CINT2006,Intel Xeon E5-2680 v3,12.0,2500,31.4
5260,CINT2006,Intel Xeon E5-2680 v3,12.0,2500,31.45
1361,CINT2006,Intel Xeon E5-2680 v3,12.0,2500,30.7
5204,CINT2006,Intel Xeon E5-2680 v3,12.0,2500,31.45
5082,CINT2006,Intel Xeon E5-2680 v3,12.0,2500,31.25
7868,CINT2006,Intel Xeon E5-2680 v3,12.0,2500,31.3
4982,CINT2006,Intel Xeon E5-2680 v3,12.0,2500,29.25
4981,CINT2006,Intel Xeon E5-2680 v3,12.0,2500,31.05
4904,CINT2006,Intel Xeon E5-2680 v3,12.0,2500,29.35
4846,CINT2006,Intel Xeon E5-2680 v3,12.0,2500,29.35
1102,CINT2006,Intel Xeon E5-2680 v3,12.0,2500,31.1
4723,CINT2006,Intel Xeon E5-2680 v3,12.0,2500,31.55
847,CINT2006,Intel Xeon E5-2680 v3,12.0,2500,31.1
4667,CINT2006,Intel Xeon E5-2680 v3,12.0,2500,31.25
4568,CINT2006,Intel Xeon E5-2680 v3,12.0,2500,30.95
4567,CINT2006,Intel Xeon E5-2680 v3,12.0,2500,31.45
6994,CINT2006,Intel Xeon E5-2680 v3,12.0,2500,31.15
4443,CINT2006,Intel Xeon E5-2680 v3,12.0,2500,29.35
4442,CINT2006,Intel Xeon E5-2680 v3,12.0,2500,31.25
7064,CINT2006,Intel Xeon E5-2680 v3,12.0,2500,31.1
2028,CINT2006,Intel Xeon E5-2680 v3,12.0,2500,31.0
7122,CINT2006,Intel Xeon E5-2680 v3,12.0,2500,31.05
8567,CINT2006,Intel Xeon E5-2680 v3,12.0,2500,31.0
8326,CINT2006,Intel Xeon E5-2680 v3,12.0,2500,31.35
7420,CINT2006,Intel Xeon E5-2680 v3,12.0,2500,30.85
8608,CINT2006,Intel Xeon E5-2680 v3,12.0,2500,30.8
2800,CINT2006,Intel Xeon E5-2680 v3,12.0,2500,31.15
3015,CINT2006,Intel Xeon E5-2680 v3,12.0,2500,31.55
2845,CINT2006,Intel Xeon E5-2680 v3,12.0,2500,31.15
3057,CINT2006,Intel Xeon E5-2680 v3,12.0,2500,31.45
2565,CINT2006,Intel Xeon E5-2680 v3,12.0,2500,31.2
7094,CINT2006,Intel Xeon E5-2680 v4,14.0,2400,34.35
3814,CINT2006,Intel Xeon E5-2680 v4,14.0,2400,34.25
4847,CINT2006,Intel Xeon E5-2680 v4,14.0,2400,34.1
848,CINT2006,Intel Xeon E5-2680 v4,14.0,2400,34.0
3830,CINT2006,Intel Xeon E5-2680 v4,14.0,2400,34.5
7328,CINT2006,Intel Xeon E5-2680 v4,14.0,2400,34.1
3790,CINT2006,Intel Xeon E5-2680 v4,14.0,2400,34.15
1103,CINT2006,Intel Xeon E5-2680 v4,14.0,2400,34.0
6947,CINT2006,Intel Xeon E5-2680 v4,14.0,2400,34.4
4725,CINT2006,Intel Xeon E5-2680 v4,14.0,2400,34.3
4724,CINT2006,Intel Xeon E5-2680 v4,14.0,2400,34.75
1909,CINT2006,Intel Xeon E5-2680 v4,14.0,2400,33.9
4697,CINT2006,Intel Xeon E5-2680 v4,14.0,2400,34.75
4670,CINT2006,Intel Xeon E5-2680 v4,14.0,2400,34.75
4669,CINT2006,Intel Xeon E5-2680 v4,14.0,2400,34.25
2061,CINT2006,Intel Xeon E5-2680 v4,14.0,3000,34.45
4569,CINT2006,Intel Xeon E5-2680 v4,14.0,2400,34.05
7152,CINT2006,Intel Xeon E5-2680 v4,14.0,2400,34.3
2415,CINT2006,Intel Xeon E5-2680 v4,14.0,2400,30.75
3098,CINT2006,Intel Xeon E5-2680 v4,14.0,2400,34.05
3033,CINT2006,Intel Xeon E5-2680 v4,14.0,2400,34.0
4445,CINT2006,Intel Xeon E5-2680 v4,14.0,2400,34.2
4444,CINT2006,Intel Xeon E5-2680 v4,14.0,2400,34.75
3730,CINT2006,Intel Xeon E5-2680 v4,14.0,2400,32.95
3077,CINT2006,Intel Xeon E5-2680 v4,14.0,2400,34.0
3676,CINT2006,Intel Xeon E5-2680 v4,14.0,2400,32.8
2029,CINT2006,Intel Xeon E5-2680 v4,14.0,3000,34.45
4311,CINT2006,Intel Xeon E5-2680 v4,14.0,2400,34.1
3707,CINT2006,Intel Xeon E5-2680 v4,14.0,2400,33.9
7093,CINT2006,Intel Xeon E5-2680 v4,14.0,2400,34.4
7282,CINT2006,Intel Xeon E5-2680 v4,14.0,2400,34.35
6971,CINT2006,Intel Xeon E5-2680 v4,14.0,2400,34.35
7379,CINT2006,Intel Xeon E5-2680 v4,14.0,2400,34.6
7400,CINT2006,Intel Xeon E5-2680 v4,14.0,2400,34.05
2821,CINT2006,Intel Xeon E5-2680 v4,14.0,2400,34.15
7923,CINT2006,Intel Xeon E5-2680 v4,14.0,2400,34.35
2607,CINT2006,Intel Xeon E5-2680 v4,14.0,2400,34.15
1376,CINT2006,Intel Xeon E5-2680 v4,14.0,2400,33.4
8127,CINT2006,Intel Xeon E5-2680 v4,14.0,2400,32.3
5315,CINT2006,Intel Xeon E5-2680 v4,14.0,2400,34.05
1535,CINT2006,Intel Xeon E5-2680 v4,14.0,2400,32.35
5262,CINT2006,Intel Xeon E5-2680 v4,14.0,2400,34.05
2585,CINT2006,Intel Xeon E5-2680 v4,14.0,2400,34.15
5205,CINT2006,Intel Xeon E5-2680 v4,14.0,2400,34.05
8615,CINT2006,Intel Xeon E5-2680 v4,14.0,2400,34.25
5151,CINT2006,Intel Xeon E5-2680 v4,14.0,2400,34.1
7900,CINT2006,Intel Xeon E5-2680 v4,14.0,2400,34.35
5084,CINT2006,Intel Xeon E5-2680 v4,14.0,2400,34.15
1534,CINT2006,Intel Xeon E5-2680 v4,14.0,2400,33.65
4983,CINT2006,Intel Xeon E5-2680 v4,14.0,2400,34.15
2414,CINT2006,Intel Xeon E5-2680 v4,14.0,2400,33.85
8506,CINT2006,Intel Xeon E5-2680 v4,14.0,2400,33.75
5083,CINT2006,Intel Xeon E5-2680 v4,14.0,2400,34.75
1000,CINT2006,Intel Xeon E5-2680 v4,14.0,2400,34.05
3782,CINT2006,Intel Xeon E5-2680 v4,14.0,2400,34.05
247,CINT2006,Intel Xeon E5-2690,8.0,2900,28.65
212,CINT2006,Intel Xeon E5-2690,8.0,2900,28.9
263,CINT2006,Intel Xeon E5-2690,8.0,2900,28.7
2732,CINT2006,Intel Xeon E5-2690,8.0,2900,30.4
268,CINT2006,Intel Xeon E5-2690,8.0,2900,29.8
5577,CINT2006,Intel Xeon E5-2690,8.0,2900,29.85
6060,CINT2006,Intel Xeon E5-2690,8.0,2900,29.7
141,CINT2006,Intel Xeon E5-2690,8.0,2900,29.65
5688,CINT2006,Intel Xeon E5-2690,8.0,2900,29.75
7791,CINT2006,Intel Xeon E5-2690,8.0,2900,29.9
4116,CINT2006,Intel Xeon E5-2690,8.0,2900,29.9
8074,CINT2006,Intel Xeon E5-2690,8.0,2900,29.25
4041,CINT2006,Intel Xeon E5-2690,8.0,2900,28.5
8338,CINT2006,Intel Xeon E5-2690,8.0,2900,28.4
8340,CINT2006,Intel Xeon E5-2690,8.0,2900,29.45
5933,CINT2006,Intel Xeon E5-2690,8.0,2900,29.8
3152,CINT2006,Intel Xeon E5-2690,8.0,2900,30.25
8087,CINT2006,Intel Xeon E5-2690,8.0,2900,30.05
8661,CINT2006,Intel Xeon E5-2690,8.0,2900,29.3
75,CINT2006,Intel Xeon E5-2690,8.0,2900,29.5
509,CINT2006,Intel Xeon E5-2690,8.0,2900,29.4
1894,CINT2006,Intel Xeon E5-2690,8.0,2900,29.4
4809,CINT2006,Intel Xeon E5-2690,8.0,2900,29.85
2868,CINT2006,Intel Xeon E5-2690,8.0,2900,30.2
2768,CINT2006,Intel Xeon E5-2690,8.0,2900,30.2
2974,CINT2006,Intel Xeon E5-2690,8.0,2900,30.35
7803,CINT2006,Intel Xeon E5-2690,8.0,2900,29.9
259,CINT2006,Intel Xeon E5-2690,8.0,2900,28.7
6226,CINT2006,Intel Xeon E5-2690,8.0,2900,29.7
748,CINT2006,Intel Xeon E5-2690,8.0,2900,29.6
4948,CINT2006,Intel Xeon E5-2690,8.0,2900,28.85
136,CINT2006,Intel Xeon E5-2690,8.0,2900,29.2
142,CINT2006,Intel Xeon E5-2690,8.0,2900,29.2
1990,CINT2006,Intel Xeon E5-2690,8.0,2900,29.55
4398,CINT2006,Intel Xeon E5-2690,8.0,2900,30.05
2546,CINT2006,Intel Xeon E5-2690,8.0,2900,30.15
4368,CINT2006,Intel Xeon E5-2690,8.0,2900,28.6
4367,CINT2006,Intel Xeon E5-2690,8.0,2900,29.75
8600,CINT2006,Intel Xeon E5-2690,8.0,2900,29.4
4786,CINT2006,Intel Xeon E5-2690,8.0,2900,29.75
237,CINT2006,Intel Xeon E5-2690,8.0,2900,28.4
8086,CINT2006,Intel Xeon E5-2690,8.0,2900,29.25
612,CINT2006,Intel Xeon E5-2690,8.0,2900,29.55
133,CINT2006,Intel Xeon E5-2690,8.0,2900,29.5
3424,CINT2006,Intel Xeon E5-2690,8.0,2900,30.35
8493,CINT2006,Intel Xeon E5-2690,8.0,2900,29.6
3185,CINT2006,Intel Xeon E5-2690,8.0,2900,30.35
2387,CINT2006,Intel Xeon E5-2690,8.0,2900,29.6
8573,CINT2006,Intel Xeon E5-2690,8.0,2900,29.85
8534,CINT2006,Intel Xeon E5-2690,8.0,2900,29.2
154,CINT2006,Intel Xeon E5-2690,8.0,2900,29.6
3546,CINT2006,Intel Xeon E5-2690,8.0,2900,29.85
8536,CINT2006,Intel Xeon E5-2690,8.0,2900,28.95
3621,CINT2006,Intel Xeon E5-2690,8.0,2900,29.85
3439,CINT2006,Intel Xeon E5-2690 v2,10.0,3000,30.95
819,CINT2006,Intel Xeon E5-2690 v2,10.0,3000,29.05
6927,CINT2006,Intel Xeon E5-2690 v2,10.0,3000,31.15
2747,CINT2006,Intel Xeon E5-2690 v2,10.0,3000,30.9
3620,CINT2006,Intel Xeon E5-2690 v2,10.0,3000,30.4
3200,CINT2006,Intel Xeon E5-2690 v2,10.0,3000,30.95
2386,CINT2006,Intel Xeon E5-2690 v2,10.0,3000,31.05
5112,CINT2006,Intel Xeon E5-2690 v2,10.0,3000,31.35
4370,CINT2006,Intel Xeon E5-2690 v2,10.0,3000,31.0
7839,CINT2006,Intel Xeon E5-2690 v2,10.0,3000,31.0
4872,CINT2006,Intel Xeon E5-2690 v2,10.0,3000,28.65
6225,CINT2006,Intel Xeon E5-2690 v2,10.0,3000,31.05
4605,CINT2006,Intel Xeon E5-2690 v2,10.0,3000,31.35
6923,CINT2006,Intel Xeon E5-2690 v2,10.0,3000,31.2
2989,CINT2006,Intel Xeon E5-2690 v2,10.0,3000,30.65
4622,CINT2006,Intel Xeon E5-2690 v2,10.0,3000,31.3
2783,CINT2006,Intel Xeon E5-2690 v2,10.0,3000,31.05
6247,CINT2006,Intel Xeon E5-2690 v2,10.0,3000,31.2
4117,CINT2006,Intel Xeon E5-2690 v2,10.0,3000,31.1
8621,CINT2006,Intel Xeon E5-2690 v2,10.0,3000,30.7
4042,CINT2006,Intel Xeon E5-2690 v2,10.0,3000,30.8
3545,CINT2006,Intel Xeon E5-2690 v2,10.0,3000,30.4
7820,CINT2006,Intel Xeon E5-2690 v2,10.0,3000,31.0
972,CINT2006,Intel Xeon E5-2690 v2,10.0,3000,29.05
5595,CINT2006,Intel Xeon E5-2690 v2,10.0,3000,30.85
3167,CINT2006,Intel Xeon E5-2690 v2,10.0,3000,30.9
7593,CINT2006,Intel Xeon E5-2690 v2,10.0,3000,30.9
4534,CINT2006,Intel Xeon E5-2690 v2,10.0,3000,31.35
5009,CINT2006,Intel Xeon E5-2690 v2,10.0,3000,31.4
8068,CINT2006,Intel Xeon E5-2690 v2,10.0,3000,30.5
6059,CINT2006,Intel Xeon E5-2690 v2,10.0,3000,31.15
3899,CINT2006,Intel Xeon E5-2690 v2,10.0,3000,31.2
1893,CINT2006,Intel Xeon E5-2690 v2,10.0,3000,28.85
3604,CINT2006,Intel Xeon E5-2690 v2,10.0,3000,30.6
5035,CINT2006,Intel Xeon E5-2690 v2,10.0,3000,31.5
4515,CINT2006,Intel Xeon E5-2690 v2,10.0,3000,30.9
3642,CINT2006,Intel Xeon E5-2690 v2,10.0,3000,30.6
4396,CINT2006,Intel Xeon E5-2690 v2,10.0,3000,30.95
1989,CINT2006,Intel Xeon E5-2690 v2,10.0,3000,31.05
4987,CINT2006,Intel Xeon E5-2690 v3,12.0,2600,30.6
4986,CINT2006,Intel Xeon E5-2690 v3,12.0,2600,33.05
7125,CINT2006,Intel Xeon E5-2690 v3,12.0,2600,32.35
3643,CINT2006,Intel Xeon E5-2690 v3,12.0,2600,32.1
1106,CINT2006,Intel Xeon E5-2690 v3,12.0,2600,32.5
3017,CINT2006,Intel Xeon E5-2690 v3,12.0,2600,32.7
7857,CINT2006,Intel Xeon E5-2690 v3,12.0,2600,32.75
2848,CINT2006,Intel Xeon E5-2690 v3,12.0,2600,32.6
8327,CINT2006,Intel Xeon E5-2690 v3,12.0,2600,32.9
3059,CINT2006,Intel Xeon E5-2690 v3,12.0,2600,32.7
4449,CINT2006,Intel Xeon E5-2690 v3,12.0,2600,31.45
2803,CINT2006,Intel Xeon E5-2690 v3,12.0,2600,32.6
4448,CINT2006,Intel Xeon E5-2690 v3,12.0,2600,32.75
4572,CINT2006,Intel Xeon E5-2690 v3,12.0,2600,32.5
2485,CINT2006,Intel Xeon E5-2690 v3,12.0,2600,64.3
4314,CINT2006,Intel Xeon E5-2690 v3,12.0,2600,33.1
5088,CINT2006,Intel Xeon E5-2690 v3,12.0,2600,32.6
7067,CINT2006,Intel Xeon E5-2690 v3,12.0,2600,32.55
7423,CINT2006,Intel Xeon E5-2690 v3,12.0,2600,32.35
2039,CINT2006,Intel Xeon E5-2690 v3,12.0,2600,32.35
3560,CINT2006,Intel Xeon E5-2690 v3,12.0,2600,32.1
1003,CINT2006,Intel Xeon E5-2690 v3,12.0,2600,32.55
7869,CINT2006,Intel Xeon E5-2690 v3,12.0,2600,33.1
5208,CINT2006,Intel Xeon E5-2690 v3,12.0,2600,32.9
7880,CINT2006,Intel Xeon E5-2690 v3,12.0,2600,32.75
7307,CINT2006,Intel Xeon E5-2690 v3,12.0,2600,32.25
3605,CINT2006,Intel Xeon E5-2690 v3,12.0,2600,32.1
2567,CINT2006,Intel Xeon E5-2690 v3,12.0,2600,32.7
35,CINT2006,Intel Xeon E5-2690 v3,12.0,2600,33.25
4021,CINT2006,Intel Xeon E5-2690 v3,12.0,2600,32.7
5318,CINT2006,Intel Xeon E5-2690 v3,12.0,2600,32.5
3918,CINT2006,Intel Xeon E5-2690 v3,12.0,2600,32.65
4674,CINT2006,Intel Xeon E5-2690 v3,12.0,2600,31.45
8569,CINT2006,Intel Xeon E5-2690 v3,12.0,2600,32.4
4727,CINT2006,Intel Xeon E5-2690 v3,12.0,2600,33.0
4850,CINT2006,Intel Xeon E5-2690 v3,12.0,2600,32.95
5265,CINT2006,Intel Xeon E5-2690 v3,12.0,2600,32.5
7604,CINT2006,Intel Xeon E5-2690 v3,12.0,2600,33.0
4086,CINT2006,Intel Xeon E5-2690 v3,12.0,2600,32.2
4673,CINT2006,Intel Xeon E5-2690 v3,12.0,2600,32.75
6997,CINT2006,Intel Xeon E5-2690 v3,12.0,2600,32.3
7181,CINT2006,Intel Xeon E5-2690 v3,12.0,2600,32.15
7353,CINT2006,Intel Xeon E5-2690 v3,12.0,2600,32.65
851,CINT2006,Intel Xeon E5-2690 v3,12.0,2600,32.6
7599,CINT2006,Intel Xeon E5-2690 v3,12.0,2600,31.75
4851,CINT2006,Intel Xeon E5-2690 v4,14.0,2600,35.75
2825,CINT2006,Intel Xeon E5-2690 v4,14.0,2600,35.75
7924,CINT2006,Intel Xeon E5-2690 v4,14.0,2600,36.1
6951,CINT2006,Intel Xeon E5-2690 v4,14.0,2600,36.1
1378,CINT2006,Intel Xeon E5-2690 v4,14.0,2600,35.35
2421,CINT2006,Intel Xeon E5-2690 v4,14.0,2600,33.2
2609,CINT2006,Intel Xeon E5-2690 v4,14.0,2600,35.85
3679,CINT2006,Intel Xeon E5-2690 v4,14.0,2600,35.75
6974,CINT2006,Intel Xeon E5-2690 v4,14.0,2600,36.15
7331,CINT2006,Intel Xeon E5-2690 v4,14.0,2600,35.65
3644,CINT2006,Intel Xeon E5-2690 v4,14.0,2600,34.6
3784,CINT2006,Intel Xeon E5-2690 v4,14.0,2600,35.8
4450,CINT2006,Intel Xeon E5-2690 v4,14.0,2600,35.7
8025,CINT2006,Intel Xeon E5-2690 v4,14.0,2600,36.05
7381,CINT2006,Intel Xeon E5-2690 v4,14.0,2600,36.35
3831,CINT2006,Intel Xeon E5-2690 v4,14.0,2600,36.2
3035,CINT2006,Intel Xeon E5-2690 v4,14.0,2600,35.75
1107,CINT2006,Intel Xeon E5-2690 v4,14.0,2600,35.55
3815,CINT2006,Intel Xeon E5-2690 v4,14.0,2600,36.0
3804,CINT2006,Intel Xeon E5-2690 v4,14.0,2600,35.9
3606,CINT2006,Intel Xeon E5-2690 v4,14.0,2600,34.6
1004,CINT2006,Intel Xeon E5-2690 v4,14.0,2600,35.7
4728,CINT2006,Intel Xeon E5-2690 v4,14.0,2600,35.8
2420,CINT2006,Intel Xeon E5-2690 v4,14.0,2600,35.45
5209,CINT2006,Intel Xeon E5-2690 v4,14.0,2600,35.75
3079,CINT2006,Intel Xeon E5-2690 v4,14.0,2600,35.75
7097,CINT2006,Intel Xeon E5-2690 v4,14.0,2600,36.0
7901,CINT2006,Intel Xeon E5-2690 v4,14.0,2600,36.1
7913,CINT2006,Intel Xeon E5-2690 v4,14.0,2600,36.1
3561,CINT2006,Intel Xeon E5-2690 v4,14.0,2600,34.6
5153,CINT2006,Intel Xeon E5-2690 v4,14.0,2600,35.8
3709,CINT2006,Intel Xeon E5-2690 v4,14.0,2600,35.5
7155,CINT2006,Intel Xeon E5-2690 v4,14.0,2600,36.15
1537,CINT2006,Intel Xeon E5-2690 v4,14.0,2600,34.95
7611,CINT2006,Intel Xeon E5-2690 v4,14.0,2600,36.05
2587,CINT2006,Intel Xeon E5-2690 v4,14.0,2600,35.9
4675,CINT2006,Intel Xeon E5-2690 v4,14.0,2600,35.7
7098,CINT2006,Intel Xeon E5-2690 v4,14.0,2600,28.4
4573,CINT2006,Intel Xeon E5-2690 v4,14.0,2600,35.8
7402,CINT2006,Intel Xeon E5-2690 v4,14.0,2600,35.8
3733,CINT2006,Intel Xeon E5-2690 v4,14.0,2600,35.85
4315,CINT2006,Intel Xeon E5-2690 v4,14.0,2600,35.8
5089,CINT2006,Intel Xeon E5-2690 v4,14.0,2600,35.8
3100,CINT2006,Intel Xeon E5-2690 v4,14.0,2600,35.8
5319,CINT2006,Intel Xeon E5-2690 v4,14.0,2600,35.75
1911,CINT2006,Intel Xeon E5-2690 v4,14.0,2600,35.5
3734,CINT2006,Intel Xeon E5-2690 v4,14.0,2600,35.7
2040,CINT2006,Intel Xeon E5-2690 v4,14.0,2600,35.7
852,CINT2006,Intel Xeon E5-2690 v4,14.0,2600,36.0
7285,CINT2006,Intel Xeon E5-2690 v4,14.0,2600,35.75
5266,CINT2006,Intel Xeon E5-2690 v4,14.0,2600,35.75
3610,CINT2006,Intel Xeon E5-2699 v3,18.0,2300,32.15
2486,CINT2006,Intel Xeon E5-2699 v3,18.0,2300,64.8
155,CINT2006,Intel Xeon E5-2699 v3,18.0,2300,34.05
3564,CINT2006,Intel Xeon E5-2699 v3,18.0,2300,32.15
4581,CINT2006,Intel Xeon E5-2699 v3,18.0,2300,32.25
128,CINT2006,Intel Xeon E5-2699 v3,18.0,2300,32.3
4686,CINT2006,Intel Xeon E5-2699 v3,18.0,2300,33.15
4687,CINT2006,Intel Xeon E5-2699 v3,18.0,2300,31.25
7311,CINT2006,Intel Xeon E5-2699 v3,18.0,2300,33.15
7607,CINT2006,Intel Xeon E5-2699 v3,18.0,2300,33.15
2852,CINT2006,Intel Xeon E5-2699 v3,18.0,2300,33.05
3021,CINT2006,Intel Xeon E5-2699 v3,18.0,2300,33.4
7001,CINT2006,Intel Xeon E5-2699 v3,18.0,2300,33.05
5217,CINT2006,Intel Xeon E5-2699 v3,18.0,2300,33.3
860,CINT2006,Intel Xeon E5-2699 v3,18.0,2300,33.05
4080,CINT2006,Intel Xeon E5-2699 v3,18.0,2300,33.1
5275,CINT2006,Intel Xeon E5-2699 v3,18.0,2300,32.2
2593,CINT2006,Intel Xeon E5-2699 v3,18.0,2300,33.25
4015,CINT2006,Intel Xeon E5-2699 v3,18.0,2300,66.5
4014,CINT2006,Intel Xeon E5-2699 v3,18.0,2300,33.35
5328,CINT2006,Intel Xeon E5-2699 v3,18.0,2300,32.2
8121,CINT2006,Intel Xeon E5-2699 v3,18.0,2300,32.4
1115,CINT2006,Intel Xeon E5-2699 v3,18.0,2300,32.9
8110,CINT2006,Intel Xeon E5-2699 v3,18.0,2300,34.55
3912,CINT2006,Intel Xeon E5-2699 v3,18.0,2300,33.1
3911,CINT2006,Intel Xeon E5-2699 v3,18.0,2300,65.6
7184,CINT2006,Intel Xeon E5-2699 v3,18.0,2300,32.95
1256,CINT2006,Intel Xeon E5-2699 v3,18.0,2300,28.85
7357,CINT2006,Intel Xeon E5-2699 v3,18.0,2300,33.1
1255,CINT2006,Intel Xeon E5-2699 v3,18.0,2300,30.7
8088,CINT2006,Intel Xeon E5-2699 v3,18.0,2300,33.15
1012,CINT2006,Intel Xeon E5-2699 v3,18.0,2300,33.15
3377,CINT2006,Intel Xeon E5-2699 v3,18.0,2300,33.2
38,CINT2006,Intel Xeon E5-2699 v3,18.0,2300,34.15
7128,CINT2006,Intel Xeon E5-2699 v3,18.0,2300,32.85
8554,CINT2006,Intel Xeon E5-2699 v3,18.0,2300,33.05
3086,CINT2006,Intel Xeon E5-2699 v3,18.0,2300,33.2
5098,CINT2006,Intel Xeon E5-2699 v3,18.0,2300,33.1
2051,CINT2006,Intel Xeon E5-2699 v3,18.0,2300,32.85
7071,CINT2006,Intel Xeon E5-2699 v3,18.0,2300,33.0
7882,CINT2006,Intel Xeon E5-2699 v3,18.0,2300,33.25
2571,CINT2006,Intel Xeon E5-2699 v3,18.0,2300,33.1
3063,CINT2006,Intel Xeon E5-2699 v3,18.0,2300,33.0
26,CINT2006,Intel Xeon E5-2699 v3,18.0,2300,34.05
2807,CINT2006,Intel Xeon E5-2699 v3,18.0,2300,33.05
4215,CINT2006,Intel Xeon E5-2699 v3,18.0,2300,33.3
3648,CINT2006,Intel Xeon E5-2699 v3,18.0,2300,32.15
4462,CINT2006,Intel Xeon E5-2699 v3,18.0,2300,33.15
4463,CINT2006,Intel Xeon E5-2699 v3,18.0,2300,31.25
4994,CINT2006,Intel Xeon E5-2699 v3,18.0,2300,31.1
7861,CINT2006,Intel Xeon E5-2699 v3,18.0,2300,33.25
2614,CINT2006,Intel Xeon E5-2699 v4,22.0,2200,36.65
12178,CINT2017,Intel Xeon E5-2699 v4,,2200,28.935
7928,CINT2006,Intel Xeon E5-2699 v4,22.0,2200,37.25
3565,CINT2006,Intel Xeon E5-2699 v4,22.0,2200,35.35
8552,CINT2006,Intel Xeon E5-2699 v4,22.0,2200,36.7
8618,CINT2006,Intel Xeon E5-2699 v4,22.0,2200,36.6
5329,CINT2006,Intel Xeon E5-2699 v4,22.0,2200,36.7
5100,CINT2006,Intel Xeon E5-2699 v4,22.0,2200,37.6
2830,CINT2006,Intel Xeon E5-2699 v4,22.0,2200,36.45
2591,CINT2006,Intel Xeon E5-2699 v4,22.0,2200,36.7
8558,CINT2006,Intel Xeon E5-2699 v4,22.0,2200,36.75
5276,CINT2006,Intel Xeon E5-2699 v4,22.0,2200,36.7
5158,CINT2006,Intel Xeon E5-2699 v4,22.0,2200,36.7
8511,CINT2006,Intel Xeon E5-2699 v4,22.0,2200,36.5
8539,CINT2006,Intel Xeon E5-2699 v4,22.0,2200,36.5
3566,CINT2006,Intel Xeon E5-2699 v4,22.0,2200,35.05
5218,CINT2006,Intel Xeon E5-2699 v4,22.0,2200,36.7
7905,CINT2006,Intel Xeon E5-2699 v4,22.0,2200,37.25
7613,CINT2006,Intel Xeon E5-2699 v4,22.0,2200,37.2
5099,CINT2006,Intel Xeon E5-2699 v4,22.0,2200,37.75
3789,CINT2006,Intel Xeon E5-2699 v4,22.0,2200,36.4
8604,CINT2006,Intel Xeon E5-2699 v4,22.0,2200,36.55
1915,CINT2006,Intel Xeon E5-2699 v4,22.0,2200,36.65
3650,CINT2006,Intel Xeon E5-2699 v4,22.0,2200,35.05
1116,CINT2006,Intel Xeon E5-2699 v4,22.0,2200,37.15
6967,CINT2006,Intel Xeon E5-2699 v4,22.0,2200,37.2
4582,CINT2006,Intel Xeon E5-2699 v4,22.0,2200,36.75
3727,CINT2006,Intel Xeon E5-2699 v4,22.0,2200,36.45
7088,CINT2006,Intel Xeon E5-2699 v4,22.0,2200,37.15
3105,CINT2006,Intel Xeon E5-2699 v4,22.0,2200,36.5
3704,CINT2006,Intel Xeon E5-2699 v4,22.0,2200,36.35
2053,CINT2006,Intel Xeon E5-2699 v4,22.0,2200,36.1
3687,CINT2006,Intel Xeon E5-2699 v4,22.0,2200,72.4
4464,CINT2006,Intel Xeon E5-2699 v4,22.0,2200,37.5
3084,CINT2006,Intel Xeon E5-2699 v4,22.0,2200,36.45
2052,CINT2006,Intel Xeon E5-2699 v4,22.0,2200,36.95
3040,CINT2006,Intel Xeon E5-2699 v4,22.0,2200,36.45
3673,CINT2006,Intel Xeon E5-2699 v4,22.0,2200,36.55
2431,CINT2006,Intel Xeon E5-2699 v4,22.0,2200,36.45
4688,CINT2006,Intel Xeon E5-2699 v4,22.0,2200,37.5
2068,CINT2006,Intel Xeon E5-2699 v4,22.0,2200,36.95
7147,CINT2006,Intel Xeon E5-2699 v4,22.0,2200,37.35
6942,CINT2006,Intel Xeon E5-2699 v4,22.0,2200,37.1
3779,CINT2006,Intel Xeon E5-2699 v4,22.0,2200,36.55
3802,CINT2006,Intel Xeon E5-2699 v4,22.0,2200,36.55
3778,CINT2006,Intel Xeon E5-2699 v4,22.0,2200,72.8
3777,CINT2006,Intel Xeon E5-2699 v4,22.0,2200,38.5
3611,CINT2006,Intel Xeon E5-2699 v4,22.0,2200,35.35
3827,CINT2006,Intel Xeon E5-2699 v4,22.0,2200,36.95
861,CINT2006,Intel Xeon E5-2699 v4,22.0,2200,37.2
3612,CINT2006,Intel Xeon E5-2699 v4,22.0,2200,35.05
2430,CINT2006,Intel Xeon E5-2699 v4,22.0,2200,36.2
7324,CINT2006,Intel Xeon E5-2699 v4,22.0,2200,36.95
8631,CINT2006,Intel Xeon E5-2699 v4,22.0,2200,73.1
7278,CINT2006,Intel Xeon E5-2699 v4,22.0,2200,37.0
3649,CINT2006,Intel Xeon E5-2699 v4,22.0,2200,35.35
5159,CINT2006,Intel Xeon E5-2699A v4,22.0,2400,37.45
7153,CINT2006,Intel Xeon E5-2699A v4,22.0,2400,37.75
5277,CINT2006,Intel Xeon E5-2699A v4,22.0,2400,37.4
1013,CINT2006,Intel Xeon E5-2699A v4,22.0,2400,37.35
5101,CINT2006,Intel Xeon E5-2699A v4,22.0,2400,37.75
7283,CINT2006,Intel Xeon E5-2699A v4,22.0,2400,37.55
7095,CINT2006,Intel Xeon E5-2699A v4,22.0,2400,37.65
3731,CINT2006,Intel Xeon E5-2699A v4,22.0,2400,37.5
5219,CINT2006,Intel Xeon E5-2699A v4,22.0,2400,37.4
5330,CINT2006,Intel Xeon E5-2699A v4,22.0,2400,37.4
862,CINT2006,Intel Xeon E5-2699A v4,22.0,2400,37.55
12670,CINT2017,Intel Xeon E5-2699A v4,,2400,39.015
6949,CINT2006,Intel Xeon E5-2699A v4,22.0,2400,37.6
6972,CINT2006,Intel Xeon E5-2699A v4,22.0,2400,37.7
7329,CINT2006,Intel Xeon E5-2699A v4,22.0,2400,37.5
1916,CINT2006,Intel Xeon E5-2699A v4,22.0,2400,36.95
4465,CINT2006,Intel Xeon E5-2699A v4,22.0,2400,37.75
1117,CINT2006,Intel Xeon E5-2699A v4,22.0,2400,37.45
6968,CINT2006,Intel Xeon E5-2699R v4,22.0,2200,37.55
7325,CINT2006,Intel Xeon E5-2699R v4,22.0,2200,37.1
7279,CINT2006,Intel Xeon E5-2699R v4,22.0,2200,37.35
7148,CINT2006,Intel Xeon E5-2699R v4,22.0,2200,37.6
7089,CINT2006,Intel Xeon E5-2699R v4,22.0,2200,37.55
6943,CINT2006,Intel Xeon E5-2699R v4,22.0,2200,37.4
619,CINT2006,Intel Xeon E5-4650,8.0,2700,13.575
145,CINT2006,Intel Xeon E5-4650,8.0,2700,13.1
4742,CINT2006,Intel Xeon E5-4650,8.0,2700,13.475
2104,CINT2006,Intel Xeon E5-4650,8.0,2700,13.575
4381,CINT2006,Intel Xeon E5-4650,8.0,2700,11.15
3613,CINT2006,Intel Xeon E5-4650,8.0,2700,13.175
5584,CINT2006,Intel Xeon E5-4650,8.0,2700,13.15
3942,CINT2006,Intel Xeon E5-4650,8.0,2700,11.725
3941,CINT2006,Intel Xeon E5-4650,8.0,2700,13.65
1630,CINT2006,Intel Xeon E5-4650,8.0,2700,13.575
6286,CINT2006,Intel Xeon E5-4650,8.0,2700,13.475
5116,CINT2006,Intel Xeon E5-4650,8.0,2700,13.6
3652,CINT2006,Intel Xeon E5-4650,8.0,2700,13.175
3211,CINT2006,Intel Xeon E5-4650,8.0,2700,13.525
1164,CINT2006,Intel Xeon E5-4650,8.0,2700,13.5
4130,CINT2006,Intel Xeon E5-4650 v2,10.0,2400,12.775
2103,CINT2006,Intel Xeon E5-4650 v2,10.0,2400,12.55
2102,CINT2006,Intel Xeon E5-4650 v2,10.0,2400,12.7
4741,CINT2006,Intel Xeon E5-4650 v2,10.0,2400,12.875
4380,CINT2006,Intel Xeon E5-4650 v2,10.0,2400,10.875
3949,CINT2006,Intel Xeon E5-4650 v3,12.0,2100,13.2
8357,CINT2006,Intel Xeon E5-4650 v3,12.0,2100,13.1
921,CINT2006,Intel Xeon E5-4650 v3,12.0,2100,13.175
1403,CINT2006,Intel Xeon E5-4650 v3,12.0,2100,12.925
4137,CINT2006,Intel Xeon E5-4650 v3,12.0,2100,13.15
1404,CINT2006,Intel Xeon E5-4650 v4,14.0,2200,14.7
3742,CINT2006,Intel Xeon E5-4650 v4,14.0,2200,15.25
1638,CINT2006,Intel Xeon E5-4650 v4,14.0,2200,14.625
2112,CINT2006,Intel Xeon E5-4650 v4,14.0,2200,14.7
6287,CINT2006,Intel Xeon E5-4650L,8.0,2600,12.725
1631,CINT2006,Intel Xeon E5-4650L,8.0,2600,12.55
620,CINT2006,Intel Xeon E5-4650L,8.0,2600,12.275
5585,CINT2006,Intel Xeon E5-4650L,8.0,2600,12.5
2105,CINT2006,Intel Xeon E5-4650L,8.0,2600,12.275
3212,CINT2006,Intel Xeon E5-4650L,8.0,2600,12.525
364,CINT2006,Intel Xeon E5320,4.0,1860,11.5
8841,CINT2006,Intel Xeon E5320,4.0,1867,8.1
5361,CINT2006,Intel Xeon E5320,4.0,1866,6.8
380,CINT2006,Intel Xeon E5320,4.0,1860,11.6
434,CINT2006,Intel Xeon E5320,4.0,1866,7.0
3931,CINT2006,Intel Xeon E5320,4.0,1860,11.9
6131,CINT2006,Intel Xeon E5320,4.0,1866,8.0
435,CINT2006,Intel Xeon E5320,4.0,1860,11.9
537,CINT2006,Intel Xeon E5320,4.0,1860,11.9
5965,CINT2006,Intel Xeon E5320,4.0,1866,8.05
3868,CINT2006,Intel Xeon E5320,4.0,1860,11.9
5377,CINT2006,Intel Xeon E5320,4.0,1866,6.8
536,CINT2006,Intel Xeon E5320,4.0,1866,7.0
3861,CINT2006,Intel Xeon E5320,4.0,1860,11.9
3860,CINT2006,Intel Xeon E5320,4.0,1860,11.9
3997,CINT2006,Intel Xeon E5320,4.0,1860,12.0
751,CINT2006,Intel Xeon E5320,4.0,1860,7.0
4205,CINT2006,Intel Xeon E5320,4.0,1860,11.9
700,CINT2006,Intel Xeon E5320,4.0,1860,11.5
4196,CINT2006,Intel Xeon E5320,4.0,1860,11.9
6575,CINT2006,Intel Xeon E5320,4.0,1866,7.1
4051,CINT2006,Intel Xeon E5320,4.0,1860,11.9
3572,CINT2006,Intel Xeon E5345,4.0,2333,7.9
6577,CINT2006,Intel Xeon E5345,4.0,2333,8.75
7486,CINT2006,Intel Xeon E5345,4.0,2333,8.45
6133,CINT2006,Intel Xeon E5345,4.0,2333,8.95
5363,CINT2006,Intel Xeon E5345,4.0,2333,8.45
7535,CINT2006,Intel Xeon E5345,4.0,2333,8.55
438,CINT2006,Intel Xeon E5345,4.0,2330,14.5
7504,CINT2006,Intel Xeon E5345,4.0,2333,8.65
540,CINT2006,Intel Xeon E5345,4.0,2330,14.5
8843,CINT2006,Intel Xeon E5345,4.0,2333,10.15
702,CINT2006,Intel Xeon E5345,4.0,2330,14.3
7518,CINT2006,Intel Xeon E5345,4.0,2333,8.55
5379,CINT2006,Intel Xeon E5345,4.0,2333,8.45
5967,CINT2006,Intel Xeon E5345,4.0,2333,8.95
3464,CINT2006,Intel Xeon E5345,4.0,2333,7.6
7492,CINT2006,Intel Xeon E5345,4.0,2333,8.45
8048,CINT2006,Intel Xeon E5420,4.0,2500,12.0
7526,CINT2006,Intel Xeon E5420,4.0,2500,11.35
7543,CINT2006,Intel Xeon E5420,4.0,2500,11.35
7507,CINT2006,Intel Xeon E5420,4.0,2500,11.35
3871,CINT2006,Intel Xeon E5420,4.0,2500,11.55
5824,CINT2006,Intel Xeon E5420,4.0,2500,11.4
1452,CINT2006,Intel Xeon E5420,4.0,2500,11.95
1454,CINT2006,Intel Xeon E5420,4.0,2500,11.4
1453,CINT2006,Intel Xeon E5420,4.0,2500,11.4
6135,CINT2006,Intel Xeon E5420,4.0,2493,11.45
5870,CINT2006,Intel Xeon E5420,4.0,2500,11.4
1292,CINT2006,Intel Xeon E5420,4.0,2500,11.95
5381,CINT2006,Intel Xeon E5420,4.0,2500,11.55
1262,CINT2006,Intel Xeon E5420,4.0,2500,11.95
1276,CINT2006,Intel Xeon E5420,4.0,2500,11.95
5969,CINT2006,Intel Xeon E5420,4.0,2493,11.45
443,CINT2006,Intel Xeon E5420,4.0,2500,11.35
756,CINT2006,Intel Xeon E5420,4.0,2500,11.35
3496,CINT2006,Intel Xeon E5420,4.0,2500,11.4
3490,CINT2006,Intel Xeon E5420,4.0,2500,11.35
545,CINT2006,Intel Xeon E5420,4.0,2500,11.35
4189,CINT2006,Intel Xeon E5420,4.0,2500,11.15
5365,CINT2006,Intel Xeon E5420,4.0,2493,11.45
7497,CINT2006,Intel Xeon E5420,4.0,2500,11.2
8846,CINT2006,Intel Xeon E5420,4.0,2500,11.4
3345,CINT2006,Intel Xeon E5520,4.0,2267,13.6
1925,CINT2006,Intel Xeon E5520,4.0,2267,14.8
1783,CINT2006,Intel Xeon E5520,4.0,2267,13.45
231,CINT2006,Intel Xeon E5520,4.0,2267,14.6
5828,CINT2006,Intel Xeon E5520,4.0,2260,13.9
5835,CINT2006,Intel Xeon E5520,4.0,2267,15.0
2435,CINT2006,Intel Xeon E5520,4.0,2267,13.45
6556,CINT2006,Intel Xeon E5520,4.0,2267,13.9
5879,CINT2006,Intel Xeon E5520,4.0,2267,13.8
5886,CINT2006,Intel Xeon E5520,4.0,2267,14.95
1747,CINT2006,Intel Xeon E5520,4.0,2267,13.45
1825,CINT2006,Intel Xeon E5520,4.0,2267,13.45
1826,CINT2006,Intel Xeon E5520,4.0,2267,14.95
5997,CINT2006,Intel Xeon E5520,4.0,2267,14.95
2323,CINT2006,Intel Xeon E5520,4.0,2267,13.45
5983,CINT2006,Intel Xeon E5520,4.0,2267,13.85
463,CINT2006,Intel Xeon E5520,4.0,2267,14.95
7751,CINT2006,Intel Xeon E5520,4.0,2267,13.45
7743,CINT2006,Intel Xeon E5520,4.0,2267,13.45
452,CINT2006,Intel Xeon E5520,4.0,2267,13.45
1924,CINT2006,Intel Xeon E5520,4.0,2267,13.45
8001,CINT2006,Intel Xeon E5520,4.0,2267,14.9
319,CINT2006,Intel Xeon E5520,4.0,2267,13.9
5638,CINT2006,Intel Xeon E5520,4.0,2267,15.0
1571,CINT2006,Intel Xeon E5520,4.0,2267,13.45
5624,CINT2006,Intel Xeon E5520,4.0,2267,13.85
554,CINT2006,Intel Xeon E5520,4.0,2267,13.45
565,CINT2006,Intel Xeon E5520,4.0,2267,14.8
5229,CINT2006,Intel Xeon E5520,4.0,2267,15.1
1478,CINT2006,Intel Xeon E5520,4.0,2267,13.4
298,CINT2006,Intel Xeon E5520,4.0,2267,14.6
6163,CINT2006,Intel Xeon E5520,4.0,2267,14.95
6149,CINT2006,Intel Xeon E5520,4.0,2267,13.8
2287,CINT2006,Intel Xeon E5520,4.0,2267,13.45
2504,CINT2006,Intel Xeon E5520,4.0,2267,14.0
4161,CINT2006,Intel Xeon E7-4890 v2,15.0,2800,14.975
2166,CINT2006,Intel Xeon E7-4890 v2,15.0,2800,14.925
5135,CINT2006,Intel Xeon E7-4890 v2,15.0,2800,15.0
8479,CINT2006,Intel Xeon E7-8870,10.0,2400,4.925
4168,CINT2006,Intel Xeon E7-8870 v3,18.0,2100,14.3
2184,CINT2006,Intel Xeon E7-8870 v3,18.0,2100,14.1
5126,CINT2006,Intel Xeon E7-8870 v3,18.0,2100,14.075
7200,CINT2006,Intel Xeon E7-8870 v4,20.0,2100,16.025
7210,CINT2006,Intel Xeon E7-8870 v4,20.0,2100,7.85
1171,CINT2006,Intel Xeon E7-8870 v4,20.0,2100,16.125
935,CINT2006,Intel Xeon E7-8870 v4,20.0,2100,16.275
3752,CINT2006,Intel Xeon E7-8870 v4,20.0,2100,16.05
4760,CINT2006,Intel Xeon E7-8870 v4,20.0,2100,16.05
2185,CINT2006,Intel Xeon E7-8870 v4,20.0,2100,15.825
5128,CINT2006,Intel Xeon E7-8890 v3,18.0,2500,16.325
8122,CINT2006,Intel Xeon E7-8890 v3,18.0,2500,16.25
2189,CINT2006,Intel Xeon E7-8890 v3,18.0,2500,15.65
4764,CINT2006,Intel Xeon E7-8890 v3,18.0,2500,15.875
8094,CINT2006,Intel Xeon E7-8890 v3,18.0,2500,16.15
4173,CINT2006,Intel Xeon E7-8890 v3,18.0,2500,31.3
5129,CINT2006,Intel Xeon E7-8890 v3,18.0,2500,15.7
4174,CINT2006,Intel Xeon E7-8890 v3,18.0,2500,15.85
4765,CINT2006,Intel Xeon E7-8890 v4,24.0,2200,17.775
2190,CINT2006,Intel Xeon E7-8890 v4,24.0,2200,17.275
11541,CINT2017,Intel Xeon E7-8890 v4,,2200,3.29625
1173,CINT2006,Intel Xeon E7-8890 v4,24.0,2200,17.825
3755,CINT2006,Intel Xeon E7-8890 v4,24.0,2200,17.775
12101,CINT2017,Intel Xeon E7-8890 v4,,2200,13.3875
7191,CINT2006,Intel Xeon E7-8890 v4,24.0,2200,17.775
8125,CINT2006,Intel Xeon E7-8890 v4,24.0,2200,8.5375
7208,CINT2006,Intel Xeon E7-8890 v4,24.0,2200,17.775
937,CINT2006,Intel Xeon E7-8890 v4,24.0,2200,17.975
8124,CINT2006,Intel Xeon E7-8890 v4,24.0,2200,16.975
7214,CINT2006,Intel Xeon E7-8890 v4,24.0,2200,8.65
4766,CINT2006,Intel Xeon E7-8891 v2,10.0,3200,16.3
5136,CINT2006,Intel Xeon E7-8891 v2,10.0,3200,8.2375
4162,CINT2006,Intel Xeon E7-8891 v2,10.0,3200,15.925
2169,CINT2006,Intel Xeon E7-8891 v2,10.0,3200,15.95
2191,CINT2006,Intel Xeon E7-8891 v3,10.0,2800,16.4
4767,CINT2006,Intel Xeon E7-8891 v3,10.0,2800,16.575
5130,CINT2006,Intel Xeon E7-8891 v3,10.0,2800,16.35
4175,CINT2006,Intel Xeon E7-8891 v3,10.0,2800,16.6
3204,CINT2006,Intel Xeon E7-8891 v4,10.0,2800,18.85
3758,CINT2006,Intel Xeon E7-8891 v4,10.0,2800,18.325
929,CINT2006,Intel Xeon E7-8891 v4,10.0,2800,18.425
4768,CINT2006,Intel Xeon E7-8891 v4,10.0,2800,18.475
2192,CINT2006,Intel Xeon E7-8891 v4,10.0,2800,17.975
2550,CINT2006,Intel Xeon E7-8891 v4,10.0,2800,9.0375
7202,CINT2006,Intel Xeon E7-8891 v4,10.0,2800,18.175
7192,CINT2006,Intel Xeon E7-8891 v4,10.0,2800,18.225
7215,CINT2006,Intel Xeon E7-8891 v4,10.0,2800,9.1375
2207,CINT2006,Intel Xeon Gold 6148,20.0,2400,19.525
6758,CINT2006,Intel Xeon Gold 6148,20.0,2400,39.8
9266,CINT2017,Intel Xeon Gold 6148,,2400,42.885
12839,CINT2017,Intel Xeon Gold 6148,,2400,41.22
6684,CINT2006,Intel Xeon Gold 6148,20.0,2400,19.9
6660,CINT2006,Intel Xeon Gold 6148,20.0,2400,39.6
12450,CINT2017,Intel Xeon Gold 6148,,2400,42.21
6630,CINT2006,Intel Xeon Gold 6148,20.0,2400,39.55
6796,CINT2006,Intel Xeon Gold 6148,20.0,2400,39.9
9302,CINT2017,Intel Xeon Gold 6148,,2400,41.535
6825,CINT2006,Intel Xeon Gold 6148,20.0,2400,19.725
12708,CINT2017,Intel Xeon Gold 6148,,2400,40.995
12583,CINT2017,Intel Xeon Gold 6148,,2400,41.985
12546,CINT2017,Intel Xeon Gold 6148,,2400,41.715
14658,CINT2017,Intel Xeon Gold 6148,,2400,24.3
12768,CINT2017,Intel Xeon Gold 6148,,2400,41.175
12517,CINT2017,Intel Xeon Gold 6148,,2400,20.565
10408,CINT2017,Intel Xeon Gold 6148,,2400,20.4525
4236,CINT2006,Intel Xeon Gold 6148,20.0,2400,40.25
14621,CINT2017,Intel Xeon Gold 6148,,2400,46.8
4482,CINT2006,Intel Xeon Gold 6148,20.0,2400,40.3
9778,CINT2017,Intel Xeon Gold 6148,,2400,20.722500000000004
12488,CINT2017,Intel Xeon Gold 6148,,2400,41.85
14046,CINT2017,Intel Xeon Gold 6148,,2400,44.05499999999999
6864,CINT2006,Intel Xeon Gold 6148,20.0,2400,19.85
4269,CINT2006,Intel Xeon Gold 6148,20.0,2400,40.4
14156,CINT2017,Intel Xeon Gold 6148,,2400,20.7675
1032,CINT2006,Intel Xeon Gold 6148,20.0,2400,39.65
13567,CINT2017,Intel Xeon Gold 6148,,2400,20.61
13479,CINT2017,Intel Xeon Gold 6148,,2400,20.565
13271,CINT2017,Intel Xeon Gold 6148,,2400,41.31
1388,CINT2006,Intel Xeon Gold 6148,20.0,2400,38.75
13855,CINT2017,Intel Xeon Gold 6148,,2400,41.44500000000001
11285,CINT2017,Intel Xeon Gold 6148,,2400,20.722500000000004
9423,CINT2017,Intel Xeon Gold 6148,,2400,42.03
1553,CINT2006,Intel Xeon Gold 6148,20.0,2400,38.2
12405,CINT2017,Intel Xeon Gold 6148,,2400,42.075
9368,CINT2017,Intel Xeon Gold 6148,,2400,20.8575
13074,CINT2017,Intel Xeon Gold 6148,,2400,41.175
13031,CINT2017,Intel Xeon Gold 6148,,2400,41.4
9906,CINT2017,Intel Xeon Gold 6148,,2400,41.355
13824,CINT2017,Intel Xeon Gold 6148,,2400,40.995
12994,CINT2017,Intel Xeon Gold 6148,,2400,40.95
12339,CINT2017,Intel Xeon Gold 6148,,2400,42.255
12247,CINT2017,Intel Xeon Gold 6148,,2400,42.21
12874,CINT2017,Intel Xeon Gold 6148,,2400,20.722500000000004
14602,CINT2017,Intel Xeon Gold 6148,,2400,40.59
13516,CINT2017,Intel Xeon Gold 6148,,2400,20.25
1138,CINT2006,Intel Xeon Gold 6148,20.0,2400,39.75
9609,CINT2017,Intel Xeon Gold 6148,,2400,42.165
12769,CINT2017,Intel Xeon Gold 6148F,,2400,41.175
1328,CINT2006,Intel Xeon Gold 6148F,20.0,2400,25.0
12489,CINT2017,Intel Xeon Gold 6150,,2700,41.49
4270,CINT2006,Intel Xeon Gold 6150,18.0,2700,39.55
12248,CINT2017,Intel Xeon Gold 6150,,2700,41.58
12547,CINT2017,Intel Xeon Gold 6150,,2700,41.4
13522,CINT2017,Intel Xeon Gold 6150,,2700,20.61
12717,CINT2017,Intel Xeon Gold 6150,,2700,40.725
9779,CINT2017,Intel Xeon Gold 6150,,2700,20.9025
13487,CINT2017,Intel Xeon Gold 6150,,2700,20.52
1139,CINT2006,Intel Xeon Gold 6150,18.0,2700,39.65
12776,CINT2017,Intel Xeon Gold 6150,,2700,40.725
9102,CINT2017,Intel Xeon Gold 6150,,2700,41.22
4483,CINT2006,Intel Xeon Gold 6150,18.0,2700,39.7
11286,CINT2017,Intel Xeon Gold 6150,,2700,20.4975
9424,CINT2017,Intel Xeon Gold 6150,,2700,41.085
1330,CINT2006,Intel Xeon Gold 6150,18.0,2700,36.85
12518,CINT2017,Intel Xeon Gold 6150,,2700,20.43
1329,CINT2006,Intel Xeon Gold 6150,18.0,2700,36.85
135,CINT2006,Intel Xeon Gold 6150,18.0,2700,39.95
12290,CINT2017,Intel Xeon Gold 6150,,2700,40.95
13577,CINT2017,Intel Xeon Gold 6150,,2700,20.565
13281,CINT2017,Intel Xeon Gold 6150,,2700,40.86
13856,CINT2017,Intel Xeon Gold 6150,,2700,40.725
9303,CINT2017,Intel Xeon Gold 6150,,2700,41.22
6634,CINT2006,Intel Xeon Gold 6150,18.0,2700,39.4
9610,CINT2017,Intel Xeon Gold 6150,,2700,41.85
12845,CINT2017,Intel Xeon Gold 6150,,2700,40.455
6664,CINT2006,Intel Xeon Gold 6150,18.0,2700,39.4
9304,CINT2017,Intel Xeon Gold 6150,,2700,40.905
6687,CINT2006,Intel Xeon Gold 6150,18.0,2700,19.75
12584,CINT2017,Intel Xeon Gold 6150,,2700,41.625
1033,CINT2006,Intel Xeon Gold 6150,18.0,2700,39.7
12879,CINT2017,Intel Xeon Gold 6150,,2700,20.565
9269,CINT2017,Intel Xeon Gold 6150,,2700,42.3
12340,CINT2017,Intel Xeon Gold 6150,,2700,41.625
1193,CINT2006,Intel Xeon Gold 6150,18.0,2700,19.875
6765,CINT2006,Intel Xeon Gold 6150,18.0,2700,39.4
14047,CINT2017,Intel Xeon Gold 6150,,2700,43.785
9907,CINT2017,Intel Xeon Gold 6150,,2700,40.725
12451,CINT2017,Intel Xeon Gold 6150,,2700,41.625
6874,CINT2006,Intel Xeon Gold 6150,18.0,2700,19.85
2208,CINT2006,Intel Xeon Gold 6150,18.0,2700,19.5
13084,CINT2017,Intel Xeon Gold 6150,,2700,40.86
1554,CINT2006,Intel Xeon Gold 6150,18.0,2700,38.5
9369,CINT2017,Intel Xeon Gold 6150,,2700,20.5425
6803,CINT2006,Intel Xeon Gold 6150,18.0,2700,39.4
12406,CINT2017,Intel Xeon Gold 6150,,2700,41.58
879,CINT2006,Intel Xeon Gold 6150,18.0,2700,39.05
6828,CINT2006,Intel Xeon Gold 6150,18.0,2700,19.6
4237,CINT2006,Intel Xeon Gold 6150,18.0,2700,39.55
12203,CINT2017,Intel Xeon Gold 6258R,,2700,46.8
9937,CINT2017,Intel Xeon Gold 6258R,,2700,53.55
9939,CINT2017,Intel Xeon Gold 6258R,,2700,45.0
10866,CINT2017,Intel Xeon Gold 6258R,,2700,47.25
12223,CINT2017,Intel Xeon Gold 6258R,,2700,53.1
10865,CINT2017,Intel Xeon Gold 6258R,,2700,53.1
9634,CINT2017,Intel Xeon Gold 6258R,,2700,48.15
14062,CINT2017,Intel Xeon Gold 6258R,,2700,52.65
13793,CINT2017,Intel Xeon Gold 6258R,,2700,46.8
10230,CINT2017,Intel Xeon Gold 6258R,,2700,46.35
9217,CINT2017,Intel Xeon Gold 6258R,,2700,54.0
9938,CINT2017,Intel Xeon Gold 6258R,,2700,51.3
10548,CINT2017,Intel Xeon Gold 6258R,,2700,46.35
8938,CINT2017,Intel Xeon Gold 6258R,,2700,49.05
9448,CINT2017,Intel Xeon Gold 6258R,,2700,49.05
10288,CINT2017,Intel Xeon Gold 6258R,,2700,51.3
14737,CINT2017,Intel Xeon Gold 6354,,3000,57.6
9845,CINT2017,Intel Xeon Gold 6354,,3000,54.9
13887,CINT2017,Intel Xeon Gold 6354,,3000,55.8
10321,CINT2017,Intel Xeon Gold 6354,,3000,54.0
10570,CINT2017,Intel Xeon Gold 6354,,3000,58.5
9985,CINT2017,Intel Xeon Gold 6354,,3000,55.8
13903,CINT2017,Intel Xeon Gold 6354,,3000,55.8
12220,CINT2017,Intel Xeon Gold 6354,,3000,55.8
12185,CINT2017,Intel Xeon Gold 6354,,3000,55.35
11459,CINT2017,Intel Xeon Gold 6354,,3000,111.6
10571,CINT2017,Intel Xeon Gold 6354,,3000,55.8
10925,CINT2017,Intel Xeon Gold 6354,,3000,55.8
10948,CINT2017,Intel Xeon Gold 6354,,3000,55.8
11477,CINT2017,Intel Xeon Gold 6354,,3000,111.6
9342,CINT2017,Intel Xeon Gold 6354,,3000,55.35
14020,CINT2017,Intel Xeon Gold 6354,,3000,55.8
9148,CINT2017,Intel Xeon Gold 6354,,3000,58.95
13991,CINT2017,Intel Xeon Gold 6354,,3000,55.8
11772,CINT2017,Intel Xeon Gold 6354,,3000,55.35
14101,CINT2017,Intel Xeon Gold 6354,,3000,55.8
11920,CINT2017,Intel Xeon Gold 6354,,3000,55.35
14655,CINT2017,Intel Xeon Gold 6354,,3000,55.8
14681,CINT2017,Intel Xeon Gold 6354,,3000,48.15
13272,CINT2017,Intel Xeon Platinum 8180,,2500,42.885
9459,CINT2017,Intel Xeon Platinum 8180,,2500,43.785
14184,CINT2017,Intel Xeon Platinum 8180,,2500,11.0025
10873,CINT2017,Intel Xeon Platinum 8180,,2500,42.975
14351,CINT2017,Intel Xeon Platinum 8180,,2500,84.78
3532,CINT2006,Intel Xeon Platinum 8180,28.0,2500,41.4
11297,CINT2017,Intel Xeon Platinum 8180,,2500,21.5775
9327,CINT2017,Intel Xeon Platinum 8180,,2500,43.2
13517,CINT2017,Intel Xeon Platinum 8180,,2500,21.51
13569,CINT2017,Intel Xeon Platinum 8180,,2500,10.8225
13480,CINT2017,Intel Xeon Platinum 8180,,2500,21.465
13568,CINT2017,Intel Xeon Platinum 8180,,2500,21.69
13075,CINT2017,Intel Xeon Platinum 8180,,2500,86.58
13076,CINT2017,Intel Xeon Platinum 8180,,2500,43.02
12418,CINT2017,Intel Xeon Platinum 8180,,2500,43.47
8091,CINT2006,Intel Xeon Platinum 8180,28.0,2500,40.65
14147,CINT2017,Intel Xeon Platinum 8180,,2500,22.185
14510,CINT2017,Intel Xeon Platinum 8180,,2500,42.885
12383,CINT2017,Intel Xeon Platinum 8180,,2500,21.5775
10292,CINT2017,Intel Xeon Platinum 8180,,2500,43.02
12297,CINT2017,Intel Xeon Platinum 8180,,2500,43.69500000000001
12358,CINT2017,Intel Xeon Platinum 8180,,2500,43.875
12359,CINT2017,Intel Xeon Platinum 8180,,2500,44.05499999999999
9461,CINT2017,Intel Xeon Platinum 8180,,2500,43.425
1045,CINT2006,Intel Xeon Platinum 8180,28.0,2500,42.2
6759,CINT2006,Intel Xeon Platinum 8180,28.0,2500,42.0
9276,CINT2017,Intel Xeon Platinum 8180,,2500,44.82000000000001
12709,CINT2017,Intel Xeon Platinum 8180,,2500,42.705
12558,CINT2017,Intel Xeon Platinum 8180,,2500,42.525
12527,CINT2017,Intel Xeon Platinum 8180,,2500,21.3975
4247,CINT2006,Intel Xeon Platinum 8180,28.0,2500,43.0
4280,CINT2006,Intel Xeon Platinum 8180,28.0,2500,43.0
4329,CINT2006,Intel Xeon Platinum 8180,28.0,2500,9.6125
8089,CINT2006,Intel Xeon Platinum 8180,28.0,2500,40.65
12770,CINT2017,Intel Xeon Platinum 8180,,2500,42.84
8090,CINT2006,Intel Xeon Platinum 8180,28.0,2500,41.7
4493,CINT2006,Intel Xeon Platinum 8180,28.0,2500,42.95
12499,CINT2017,Intel Xeon Platinum 8180,,2500,43.65
9216,CINT2017,Intel Xeon Platinum 8180,,2500,43.245
9800,CINT2017,Intel Xeon Platinum 8180,,2500,22.005
13871,CINT2017,Intel Xeon Platinum 8180,,2500,42.435
8052,CINT2006,Intel Xeon Platinum 8180,28.0,2500,40.2
14066,CINT2017,Intel Xeon Platinum 8180,,2500,45.9
12463,CINT2017,Intel Xeon Platinum 8180,,2500,43.92
10421,CINT2017,Intel Xeon Platinum 8180,,2500,21.4875
6866,CINT2006,Intel Xeon Platinum 8180,28.0,2500,10.1625
6865,CINT2006,Intel Xeon Platinum 8180,28.0,2500,20.95
6798,CINT2006,Intel Xeon Platinum 8180,28.0,2500,82.3
6797,CINT2006,Intel Xeon Platinum 8180,28.0,2500,42.05
885,CINT2006,Intel Xeon Platinum 8180,28.0,2500,42.5
14067,CINT2017,Intel Xeon Platinum 8180,,2500,45.9
6760,CINT2006,Intel Xeon Platinum 8180,28.0,2500,82.2
12260,CINT2017,Intel Xeon Platinum 8180,,2500,43.875
9460,CINT2017,Intel Xeon Platinum 8180,,2500,43.02
1154,CINT2006,Intel Xeon Platinum 8180M,28.0,2500,42.1
13570,CINT2017,Intel Xeon Platinum 8180M,,2500,21.6
13518,CINT2017,Intel Xeon Platinum 8180M,,2500,21.555
13571,CINT2017,Intel Xeon Platinum 8180M,,2500,10.83375
1206,CINT2006,Intel Xeon Platinum 8180M,28.0,2500,20.9
6868,CINT2006,Intel Xeon Platinum 8180M,28.0,2500,20.975
12710,CINT2017,Intel Xeon Platinum 8180M,,2500,42.75
1046,CINT2006,Intel Xeon Platinum 8180M,28.0,2500,42.15
9801,CINT2017,Intel Xeon Platinum 8180M,,2500,21.5775
9645,CINT2017,Intel Xeon Platinum 8180M,,2500,43.785
13481,CINT2017,Intel Xeon Platinum 8180M,,2500,21.375
6867,CINT2006,Intel Xeon Platinum 8180M,28.0,2500,10.0875
9462,CINT2017,Intel Xeon Platinum 8180M,,2500,43.065
886,CINT2006,Intel Xeon Platinum 8180M,28.0,2500,42.45
9328,CINT2017,Intel Xeon Platinum 8180M,,2500,43.425
13077,CINT2017,Intel Xeon Platinum 8180M,,2500,42.885
9388,CINT2017,Intel Xeon Platinum 8180M,,2500,21.555
13273,CINT2017,Intel Xeon Platinum 8180M,,2500,43.02
13872,CINT2017,Intel Xeon Platinum 8180M,,2500,42.435
9330,CINT2017,Intel Xeon Silver 4110,,2100,32.22
1156,CINT2006,Intel Xeon Silver 4110,8.0,2100,30.45
9654,CINT2017,Intel Xeon Silver 4110,,2100,32.625
1048,CINT2006,Intel Xeon Silver 4110,8.0,2100,30.5
9471,CINT2017,Intel Xeon Silver 4110,,2100,32.175000000000004
888,CINT2006,Intel Xeon Silver 4110,8.0,2100,30.75
13660,CINT2017,Intel Xeon Silver 4110,,2100,31.95
12302,CINT2017,Intel Xeon Silver 4110,,2100,32.535000000000004
12561,CINT2017,Intel Xeon Silver 4110,,2100,32.22
4249,CINT2006,Intel Xeon Silver 4110,8.0,2100,30.2
1338,CINT2006,Intel Xeon Silver 4110,8.0,2100,29.5
1339,CINT2006,Intel Xeon Silver 4110,8.0,2100,29.5
4282,CINT2006,Intel Xeon Silver 4110,8.0,2100,30.2
12263,CINT2017,Intel Xeon Silver 4110,,2100,32.04
6788,CINT2006,Intel Xeon Silver 4110,8.0,2100,30.2
12501,CINT2017,Intel Xeon Silver 4110,,2100,32.265
6750,CINT2006,Intel Xeon Silver 4110,8.0,2100,30.25
4495,CINT2006,Intel Xeon Silver 4110,8.0,2100,30.15
12606,CINT2017,Intel Xeon Silver 4110,,2100,32.625
6721,CINT2006,Intel Xeon Silver 4110,8.0,2100,30.35
6652,CINT2006,Intel Xeon Silver 4110,8.0,2100,30.25
6622,CINT2006,Intel Xeon Silver 4110,8.0,2100,30.2
12466,CINT2017,Intel Xeon Silver 4110,,2100,31.995
14073,CINT2017,Intel Xeon Silver 4110,,2100,33.975
10903,CINT2017,Intel Xeon Silver 4110,,2100,31.815
12421,CINT2017,Intel Xeon Silver 4110,,2100,32.175000000000004
1392,CINT2006,Intel Xeon Silver 4110,8.0,2100,29.85
1562,CINT2006,Intel Xeon Silver 4110,8.0,2100,29.7
12372,CINT2017,Intel Xeon Silver 4110,,2100,31.95
9952,CINT2017,Intel Xeon Silver 4110,,2100,32.04
6701,CINT2006,Intel Xeon Silver 4110,8.0,2100,30.4
12697,CINT2017,Intel Xeon Silver 4110,,2100,31.59
6896,CINT2006,Intel Xeon Silver 4110,8.0,2100,30.4
14580,CINT2017,Intel Xeon Silver 4110,,2100,33.84
12984,CINT2017,Intel Xeon Silver 4110,,2100,31.725
13260,CINT2017,Intel Xeon Silver 4110,,2100,31.95
13829,CINT2017,Intel Xeon Silver 4110,,2100,31.77
13062,CINT2017,Intel Xeon Silver 4110,,2100,31.725
13021,CINT2017,Intel Xeon Silver 4110,,2100,32.04
13708,CINT2017,Intel Xeon Silver 4110,,2100,32.085
12956,CINT2017,Intel Xeon Silver 4110,,2100,31.905
12931,CINT2017,Intel Xeon Silver 4110,,2100,31.995
12828,CINT2017,Intel Xeon Silver 4110,,2100,31.815
13707,CINT2017,Intel Xeon Silver 4110,,2100,62.28
13874,CINT2017,Intel Xeon Silver 4110,,2100,32.129999999999995
13754,CINT2017,Intel Xeon Silver 4110,,2100,31.86
10295,CINT2017,Intel Xeon Silver 4110,,2100,31.815
13710,CINT2017,Intel Xeon Silver 4114,,2200,32.535000000000004
9332,CINT2017,Intel Xeon Silver 4114,,2200,32.895
14389,CINT2017,Intel Xeon Silver 4114,,2200,32.67
14429,CINT2017,Intel Xeon Silver 4114,,2200,61.92
14356,CINT2017,Intel Xeon Silver 4114,,2200,63.17999999999999
1050,CINT2006,Intel Xeon Silver 4114,10.0,2200,31.25
13709,CINT2017,Intel Xeon Silver 4114,,2200,63.09
14440,CINT2017,Intel Xeon Silver 4114,,2200,63.17999999999999
12375,CINT2017,Intel Xeon Silver 4114,,2200,28.26
12374,CINT2017,Intel Xeon Silver 4114,,2200,32.76
890,CINT2006,Intel Xeon Silver 4114,10.0,2200,31.35
12304,CINT2017,Intel Xeon Silver 4114,,2200,33.165
12265,CINT2017,Intel Xeon Silver 4114,,2200,32.985
13665,CINT2017,Intel Xeon Silver 4114,,2200,32.49
12423,CINT2017,Intel Xeon Silver 4114,,2200,32.76
13876,CINT2017,Intel Xeon Silver 4114,,2200,32.76
13265,CINT2017,Intel Xeon Silver 4114,,2200,32.535000000000004
12608,CINT2017,Intel Xeon Silver 4114,,2200,33.254999999999995
12563,CINT2017,Intel Xeon Silver 4114,,2200,32.22
12833,CINT2017,Intel Xeon Silver 4114,,2200,32.445
4251,CINT2006,Intel Xeon Silver 4114,10.0,2200,30.9
12936,CINT2017,Intel Xeon Silver 4114,,2200,32.58
4284,CINT2006,Intel Xeon Silver 4114,10.0,2200,30.9
13831,CINT2017,Intel Xeon Silver 4114,,2200,32.129999999999995
12503,CINT2017,Intel Xeon Silver 4114,,2200,33.254999999999995
12961,CINT2017,Intel Xeon Silver 4114,,2200,32.445
12989,CINT2017,Intel Xeon Silver 4114,,2200,32.31
4497,CINT2006,Intel Xeon Silver 4114,10.0,2200,30.9
13960,CINT2017,Intel Xeon Silver 4114,,2200,32.265
13026,CINT2017,Intel Xeon Silver 4114,,2200,32.49
12469,CINT2017,Intel Xeon Silver 4114,,2200,28.305
12702,CINT2017,Intel Xeon Silver 4114,,2200,32.31
13067,CINT2017,Intel Xeon Silver 4114,,2200,32.58
9263,CINT2017,Intel Xeon Silver 4114,,2200,33.57
12424,CINT2017,Intel Xeon Silver 4114,,2200,28.305
12468,CINT2017,Intel Xeon Silver 4114,,2200,32.715
9953,CINT2017,Intel Xeon Silver 4114,,2200,32.58
6725,CINT2006,Intel Xeon Silver 4114,10.0,2200,31.2
1158,CINT2006,Intel Xeon Silver 4114,10.0,2200,31.2
10297,CINT2017,Intel Xeon Silver 4114,,2200,32.4
9656,CINT2017,Intel Xeon Silver 4114,,2200,33.075
1341,CINT2006,Intel Xeon Silver 4114,10.0,2200,30.35
6900,CINT2006,Intel Xeon Silver 4114,10.0,2200,31.25
6792,CINT2006,Intel Xeon Silver 4114,10.0,2200,31.15
6754,CINT2006,Intel Xeon Silver 4114,10.0,2200,31.05
6705,CINT2006,Intel Xeon Silver 4114,10.0,2200,31.1
6656,CINT2006,Intel Xeon Silver 4114,10.0,2200,31.0
6626,CINT2006,Intel Xeon Silver 4114,10.0,2200,31.05
10882,CINT2017,Intel Xeon Silver 4114,,2200,32.49
10904,CINT2017,Intel Xeon Silver 4114,,2200,32.445
1393,CINT2006,Intel Xeon Silver 4114,10.0,2200,30.6
1394,CINT2006,Intel Xeon Silver 4114,10.0,2200,30.4
1564,CINT2006,Intel Xeon Silver 4114,10.0,2200,30.4
9473,CINT2017,Intel Xeon Silver 4114,,2200,32.715
12703,CINT2017,Intel Xeon Silver 4114T,,2200,32.265
12834,CINT2017,Intel Xeon Silver 4114T,,2200,32.4
12937,CINT2017,Intel Xeon Silver 4114T,,2200,32.625
12962,CINT2017,Intel Xeon Silver 4114T,,2200,32.355000000000004
14357,CINT2017,Intel Xeon Silver 4114T,,2200,63.27
13027,CINT2017,Intel Xeon Silver 4114T,,2200,32.4
13068,CINT2017,Intel Xeon Silver 4114T,,2200,32.31
12990,CINT2017,Intel Xeon Silver 4114T,,2200,32.129999999999995
13266,CINT2017,Intel Xeon Silver 4114T,,2200,32.355000000000004
14441,CINT2017,Intel Xeon Silver 4114T,,2200,63.27
13666,CINT2017,Intel Xeon Silver 4114T,,2200,32.355000000000004
13069,CINT2017,Intel Xeon Silver 4114T,,2200,32.31
13801,CINT2017,Intel Xeon Silver 4210,,2200,35.865
11878,CINT2017,Intel Xeon Silver 4210,,2200,36.315
13999,CINT2017,Intel Xeon Silver 4210,,2200,36.675
13800,CINT2017,Intel Xeon Silver 4210,,2200,70.92
10299,CINT2017,Intel Xeon Silver 4210,,2200,35.595
10502,CINT2017,Intel Xeon Silver 4210,,2200,35.1
10136,CINT2017,Intel Xeon Silver 4210,,2200,35.775
9956,CINT2017,Intel Xeon Silver 4210,,2200,35.415
14582,CINT2017,Intel Xeon Silver 4210,,2200,36.09
14544,CINT2017,Intel Xeon Silver 4210,,2200,37.035
8925,CINT2017,Intel Xeon Silver 4210,,2200,38.745
12308,CINT2017,Intel Xeon Silver 4210,,2200,36.675
14615,CINT2017,Intel Xeon Silver 4210,,2200,40.05
10885,CINT2017,Intel Xeon Silver 4210,,2200,35.550000000000004
11383,CINT2017,Intel Xeon Silver 4210,,2200,35.865
14540,CINT2017,Intel Xeon Silver 4210,,2200,36.27
12379,CINT2017,Intel Xeon Silver 4210,,2200,36.63
14075,CINT2017,Intel Xeon Silver 4210,,2200,37.08
9214,CINT2017,Intel Xeon Silver 4210R,,2400,41.355
10549,CINT2017,Intel Xeon Silver 4210R,,2400,40.185
14076,CINT2017,Intel Xeon Silver 4210R,,2400,39.285
10503,CINT2017,Intel Xeon Silver 4210R,,2400,39.735
10241,CINT2017,Intel Xeon Silver 4210R,,2400,40.41
9659,CINT2017,Intel Xeon Silver 4210R,,2400,36.585
10240,CINT2017,Intel Xeon Silver 4210R,,2400,39.825
13802,CINT2017,Intel Xeon Silver 4210R,,2400,35.910000000000004
11384,CINT2017,Intel Xeon Silver 4210R,,2400,35.055
9958,CINT2017,Intel Xeon Silver 4210R,,2400,35.325
9957,CINT2017,Intel Xeon Silver 4210R,,2400,40.275
10252,CINT2017,Intel Xeon Silver 4210R,,2400,35.325
9475,CINT2017,Intel Xeon Silver 4210R,,2400,36.63
10519,CINT2017,Intel Xeon Silver 4210R,,2400,39.78
11730,CINT2017,Intel Xeon Silver 4210R,,2400,35.595
13964,CINT2017,Intel Xeon Silver 4210R,,2400,41.265
8931,CINT2017,Intel Xeon Silver 4210R,,2400,37.44
10886,CINT2017,Intel Xeon Silver 4210R,,2400,38.115
10887,CINT2017,Intel Xeon Silver 4210R,,2400,35.055
12201,CINT2017,Intel Xeon Silver 4210R,,2400,35.595
11414,CINT2017,Intel Xeon Silver 4410T,,2700,63.45
9198,CINT2017,Intel Xeon Silver 4410T,,2700,69.3
11192,CINT2017,Intel Xeon Silver 4410T,,2700,63.0
9534,CINT2017,Intel Xeon Silver 4410T,,2700,67.05
14853,CINT2017,Intel Xeon Silver 4410T,,2700,68.39999999999999
11119,CINT2017,Intel Xeon Silver 4410T,,2700,63.45
14792,CINT2017,Intel Xeon Silver 4410T,,2700,68.85000000000001
10731,CINT2017,Intel Xeon Silver 4410T,,2700,63.45
10753,CINT2017,Intel Xeon Silver 4410T,,2700,62.55
14703,CINT2017,Intel Xeon Silver 4410T,,2700,63.0
9737,CINT2017,Intel Xeon Silver 4410T,,2700,66.60000000000001
14908,CINT2017,Intel Xeon Silver 4410T,,2700,68.39999999999999
11415,CINT2017,Intel Xeon Silver 4410Y,,2000,62.1
12619,CINT2017,Intel Xeon Silver 4410Y,,2000,65.7
9169,CINT2017,Intel Xeon Silver 4410Y,,2000,67.95
11504,CINT2017,Intel Xeon Silver 4410Y,,2000,65.7
10159,CINT2017,Intel Xeon Silver 4410Y,,2000,62.1
13978,CINT2017,Intel Xeon Silver 4410Y,,2000,66.60000000000001
11193,CINT2017,Intel Xeon Silver 4410Y,,2000,62.1
12632,CINT2017,Intel Xeon Silver 4410Y,,2000,65.7
14718,CINT2017,Intel Xeon Silver 4410Y,,2000,64.8
10182,CINT2017,Intel Xeon Silver 4410Y,,2000,62.1
11941,CINT2017,Intel Xeon Silver 4410Y,,2000,63.45
12108,CINT2017,Intel Xeon Silver 4410Y,,2000,123.3
11570,CINT2017,Intel Xeon Silver 4410Y,,2000,122.4
9535,CINT2017,Intel Xeon Silver 4410Y,,2000,64.8
11786,CINT2017,Intel Xeon Silver 4410Y,,2000,63.9
11173,CINT2017,Intel Xeon Silver 4410Y,,2000,62.55
11157,CINT2017,Intel Xeon Silver 4410Y,,2000,62.1
10732,CINT2017,Intel Xeon Silver 4410Y,,2000,62.1
14854,CINT2017,Intel Xeon Silver 4410Y,,2000,67.05
11120,CINT2017,Intel Xeon Silver 4410Y,,2000,62.1
9738,CINT2017,Intel Xeon Silver 4410Y,,2000,66.14999999999999
14793,CINT2017,Intel Xeon Silver 4410Y,,2000,67.05
10754,CINT2017,Intel Xeon Silver 4410Y,,2000,62.1
11623,CINT2017,Intel Xeon Silver 4410Y,,2000,123.3
12150,CINT2017,Intel Xeon Silver 4410Y,,2000,63.45
11492,CINT2017,Intel Xeon Silver 4410Y,,2000,126.0
14909,CINT2017,Intel Xeon Silver 4410Y,,2000,67.05
3465,CINT2006,Intel Xeon X5355,4.0,2667,8.35
8197,CINT2006,Intel Xeon X5355,4.0,2660,8.1
5975,CINT2006,Intel Xeon X5355,4.0,2667,11.15
3537,CINT2006,Intel Xeon X5355,4.0,2666,8.55
7519,CINT2006,Intel Xeon X5355,4.0,2666,9.45
7520,CINT2006,Intel Xeon X5355,4.0,2666,8.15
4055,CINT2006,Intel Xeon X5355,4.0,2666,16.2
7536,CINT2006,Intel Xeon X5355,4.0,2666,9.45
7537,CINT2006,Intel Xeon X5355,4.0,2666,8.15
8131,CINT2006,Intel Xeon X5355,4.0,2667,9.25
3999,CINT2006,Intel Xeon X5355,4.0,2666,16.2
7554,CINT2006,Intel Xeon X5355,4.0,2667,10.35
5372,CINT2006,Intel Xeon X5355,4.0,2667,9.3
8098,CINT2006,Intel Xeon X5355,4.0,2666,11.3
657,CINT2006,Intel Xeon X5355,4.0,2667,10.35
3932,CINT2006,Intel Xeon X5355,4.0,2660,16.1
3873,CINT2006,Intel Xeon X5355,4.0,2666,16.0
3862,CINT2006,Intel Xeon X5355,4.0,2666,16.4
8198,CINT2006,Intel Xeon X5355,4.0,2660,8.1
8200,CINT2006,Intel Xeon X5355,4.0,2660,8.2
8149,CINT2006,Intel Xeon X5355,4.0,2667,11.0
6578,CINT2006,Intel Xeon X5355,4.0,2666,9.55
439,CINT2006,Intel Xeon X5355,4.0,2666,16.0
7494,CINT2006,Intel Xeon X5355,4.0,2666,9.35
7487,CINT2006,Intel Xeon X5355,4.0,2666,9.45
6141,CINT2006,Intel Xeon X5355,4.0,2667,11.15
541,CINT2006,Intel Xeon X5355,4.0,2666,16.0
4197,CINT2006,Intel Xeon X5355,4.0,2666,16.2
4206,CINT2006,Intel Xeon X5355,4.0,2666,16.2
8850,CINT2006,Intel Xeon X5355,4.0,2666,11.2
8201,CINT2006,Intel Xeon X5355,4.0,2660,8.2
1216,CINT2006,Intel Xeon X5365,4.0,3000,20.0
6579,CINT2006,Intel Xeon X5365,4.0,3000,10.4
410,CINT2006,Intel Xeon X5365,4.0,3000,12.0
3934,CINT2006,Intel Xeon X5365,4.0,3000,12.15
5373,CINT2006,Intel Xeon X5365,4.0,3000,11.8
3964,CINT2006,Intel Xeon X5365,4.0,3000,12.2
8851,CINT2006,Intel Xeon X5365,4.0,3000,12.25
4058,CINT2006,Intel Xeon X5365,4.0,3000,12.15
6142,CINT2006,Intel Xeon X5365,4.0,3000,10.4
5976,CINT2006,Intel Xeon X5365,4.0,3000,12.15
4198,CINT2006,Intel Xeon X5460,4.0,3166,13.4
7545,CINT2006,Intel Xeon X5460,4.0,3160,13.65
550,CINT2006,Intel Xeon X5460,4.0,3160,13.65
4207,CINT2006,Intel Xeon X5460,4.0,3166,13.75
448,CINT2006,Intel Xeon X5460,4.0,3160,13.65
7482,CINT2006,Intel Xeon X5460,4.0,3166,13.8
7528,CINT2006,Intel Xeon X5460,4.0,3160,13.65
4059,CINT2006,Intel Xeon X5460,4.0,3166,13.85
3876,CINT2006,Intel Xeon X5460,4.0,3166,13.65
7495,CINT2006,Intel Xeon X5460,4.0,3160,13.65
4000,CINT2006,Intel Xeon X5460,4.0,3166,13.8
7511,CINT2006,Intel Xeon X5460,4.0,3167,13.7
3935,CINT2006,Intel Xeon X5460,4.0,3166,13.8
3538,CINT2006,Intel Xeon X5460,4.0,3160,13.45
6144,CINT2006,Intel Xeon X5460,4.0,3158,13.8
1719,CINT2006,Intel Xeon X5460,4.0,3166,28.6
1299,CINT2006,Intel Xeon X5460,4.0,3166,14.55
8148,CINT2006,Intel Xeon X5460,4.0,3166,13.85
5374,CINT2006,Intel Xeon X5460,4.0,3158,13.8
1286,CINT2006,Intel Xeon X5460,4.0,3166,13.85
1285,CINT2006,Intel Xeon X5460,4.0,3166,14.65
2255,CINT2006,Intel Xeon X5460,4.0,3166,28.7
5875,CINT2006,Intel Xeon X5460,4.0,3167,14.45
8852,CINT2006,Intel Xeon X5460,4.0,3166,13.75
1284,CINT2006,Intel Xeon X5460,4.0,3166,14.6
1271,CINT2006,Intel Xeon X5460,4.0,3166,14.5
1270,CINT2006,Intel Xeon X5460,4.0,3166,14.5
760,CINT2006,Intel Xeon X5460,4.0,3167,13.7
1269,CINT2006,Intel Xeon X5460,4.0,3166,14.6
5978,CINT2006,Intel Xeon X5460,4.0,3158,13.85
8041,CINT2006,Intel Xeon X5460,4.0,3167,13.7
3471,CINT2006,Intel Xeon X5460,4.0,3167,13.8
3476,CINT2006,Intel Xeon X5460,4.0,3166,13.65
3495,CINT2006,Intel Xeon X5460,4.0,3167,13.7
3501,CINT2006,Intel Xeon X5460,4.0,3167,13.7
1465,CINT2006,Intel Xeon X5460,4.0,3166,13.95
1464,CINT2006,Intel Xeon X5460,4.0,3166,14.6
309,CINT2006,Intel Xeon X5570,4.0,2933,19.3
313,CINT2006,Intel Xeon X5570,4.0,2933,19.3
278,CINT2006,Intel Xeon X5570,4.0,2933,19.25
284,CINT2006,Intel Xeon X5570,4.0,2933,19.35
5882,CINT2006,Intel Xeon X5570,4.0,2933,17.9
288,CINT2006,Intel Xeon X5570,4.0,2933,19.35
294,CINT2006,Intel Xeon X5570,4.0,2933,19.25
5657,CINT2006,Intel Xeon X5570,4.0,2933,19.3
5632,CINT2006,Intel Xeon X5570,4.0,2933,17.6
299,CINT2006,Intel Xeon X5570,4.0,2933,19.3
304,CINT2006,Intel Xeon X5570,4.0,2933,18.1
5441,CINT2006,Intel Xeon X5570,4.0,2933,19.25
5413,CINT2006,Intel Xeon X5570,4.0,2933,17.45
277,CINT2006,Intel Xeon X5570,4.0,2933,18.05
327,CINT2006,Intel Xeon X5570,4.0,2933,20.2
308,CINT2006,Intel Xeon X5570,4.0,2933,18.05
334,CINT2006,Intel Xeon X5570,4.0,2933,20.25
1239,CINT2006,Intel Xeon X5570,4.0,2933,33.7
1252,CINT2006,Intel Xeon X5570,4.0,2933,17.0
1495,CINT2006,Intel Xeon X5570,4.0,2933,17.5
1592,CINT2006,Intel Xeon X5570,4.0,2933,17.55
1758,CINT2006,Intel Xeon X5570,4.0,2933,17.55
1799,CINT2006,Intel Xeon X5570,4.0,2933,17.55
1848,CINT2006,Intel Xeon X5570,4.0,2933,19.3
1849,CINT2006,Intel Xeon X5570,4.0,2933,17.45
1949,CINT2006,Intel Xeon X5570,4.0,2933,19.0
1950,CINT2006,Intel Xeon X5570,4.0,2933,17.55
2296,CINT2006,Intel Xeon X5570,4.0,2933,17.55
2344,CINT2006,Intel Xeon X5570,4.0,2933,17.55
328,CINT2006,Intel Xeon X5570,4.0,2933,17.5
2454,CINT2006,Intel Xeon X5570,4.0,2933,17.55
792,CINT2006,Intel Xeon X5570,4.0,2933,17.9
2620,CINT2006,Intel Xeon X5570,4.0,2933,17.85
3112,CINT2006,Intel Xeon X5570,4.0,2933,18.05
3350,CINT2006,Intel Xeon X5570,4.0,2933,17.7
3384,CINT2006,Intel Xeon X5570,4.0,2933,18.05
3553,CINT2006,Intel Xeon X5570,4.0,2933,17.8
3581,CINT2006,Intel Xeon X5570,4.0,2933,17.5
584,CINT2006,Intel Xeon X5570,4.0,2933,19.0
5992,CINT2006,Intel Xeon X5570,4.0,2933,17.6
559,CINT2006,Intel Xeon X5570,4.0,2933,17.5
481,CINT2006,Intel Xeon X5570,4.0,2933,19.3
457,CINT2006,Intel Xeon X5570,4.0,2933,17.5
2509,CINT2006,Intel Xeon X5570,4.0,2933,18.15
6014,CINT2006,Intel Xeon X5570,4.0,2933,19.3
5342,CINT2006,Intel Xeon X5570,4.0,2933,18.8
7569,CINT2006,Intel Xeon X5570,4.0,2933,17.55
8150,CINT2006,Intel Xeon X5570,4.0,2933,18.4
232,CINT2006,Intel Xeon X5570,4.0,2933,19.3
221,CINT2006,Intel Xeon X5570,4.0,2933,19.25
209,CINT2006,Intel Xeon X5570,4.0,2933,19.35
274,CINT2006,Intel Xeon X5570,4.0,2933,19.25
204,CINT2006,Intel Xeon X5570,4.0,2933,19.35
7219,CINT2006,Intel Xeon X5570,4.0,2933,17.55
126,CINT2006,Intel Xeon X5570,4.0,2933,18.0
7220,CINT2006,Intel Xeon X5570,4.0,2933,17.5
130,CINT2006,Intel Xeon X5570,4.0,2933,18.05
191,CINT2006,Intel Xeon X5570,4.0,2933,19.25
190,CINT2006,Intel Xeon X5570,4.0,2933,18.05
186,CINT2006,Intel Xeon X5570,4.0,2933,19.25
182,CINT2006,Intel Xeon X5570,4.0,2933,19.25
164,CINT2006,Intel Xeon X5570,4.0,2933,18.05
8228,CINT2006,Intel Xeon X5570,4.0,2933,19.2
163,CINT2006,Intel Xeon X5570,4.0,2933,18.0
162,CINT2006,Intel Xeon X5570,4.0,2933,18.0
7384,CINT2006,Intel Xeon X5570,4.0,2933,17.65
150,CINT2006,Intel Xeon X5570,4.0,2933,18.0
7756,CINT2006,Intel Xeon X5570,4.0,2933,17.5
7748,CINT2006,Intel Xeon X5570,4.0,2933,17.5
7564,CINT2006,Intel Xeon X5570,4.0,2933,17.55
8144,CINT2006,Intel Xeon X5570,4.0,2933,17.5
8234,CINT2006,Intel Xeon X5570,4.0,2933,17.85
6563,CINT2006,Intel Xeon X5570,4.0,2933,17.95
137,CINT2006,Intel Xeon X5570,4.0,2933,18.05
239,CINT2006,Intel Xeon X5570,4.0,2933,18.1
6179,CINT2006,Intel Xeon X5570,4.0,2933,19.3
6158,CINT2006,Intel Xeon X5570,4.0,2933,17.5
8132,CINT2006,Intel Xeon X5570,4.0,2933,18.45
8137,CINT2006,Intel Xeon X5570,4.0,2933,17.45
8143,CINT2006,Intel Xeon X5570,4.0,2933,18.25
8136,CINT2006,Intel Xeon X5570,4.0,2933,18.35
8135,CINT2006,Intel Xeon X5570,4.0,2933,18.7
250,CINT2006,Intel Xeon X5570,4.0,2933,19.3
8104,CINT2006,Intel Xeon X5570,4.0,2934,17.95
243,CINT2006,Intel Xeon X5570,4.0,2933,18.05
270,CINT2006,Intel Xeon X5570,4.0,2933,19.25
8133,CINT2006,Intel Xeon X5570,4.0,2933,17.5
8100,CINT2006,Intel Xeon X5570,4.0,2934,17.8
8134,CINT2006,Intel Xeon X5570,4.0,2933,18.4
244,CINT2006,Intel Xeon X5570,4.0,2933,19.3
7764,CINT2006,Intel Xeon X5650,6.0,2667,20.0
7776,CINT2006,Intel Xeon X5650,6.0,2667,20.0
2456,CINT2006,Intel Xeon X5650,6.0,2667,19.75
2347,CINT2006,Intel Xeon X5650,6.0,2667,18.35
587,CINT2006,Intel Xeon X5650,6.0,2667,18.4
8207,CINT2006,Intel Xeon X5650,6.0,2666,18.3
1594,CINT2006,Intel Xeon X5650,6.0,2667,19.8
586,CINT2006,Intel Xeon X5650,6.0,2667,19.8
3128,CINT2006,Intel Xeon X5650,6.0,2667,18.45
2657,CINT2006,Intel Xeon X5650,6.0,2667,18.45
1852,CINT2006,Intel Xeon X5650,6.0,2667,18.45
1851,CINT2006,Intel Xeon X5650,6.0,2667,19.85
3365,CINT2006,Intel Xeon X5650,6.0,2667,18.4
722,CINT2006,Intel Xeon X5650,6.0,2667,19.85
3400,CINT2006,Intel Xeon X5650,6.0,2667,18.45
1498,CINT2006,Intel Xeon X5650,6.0,2667,18.35
2635,CINT2006,Intel Xeon X5650,6.0,2667,18.45
1800,CINT2006,Intel Xeon X5650,6.0,2667,19.85
723,CINT2006,Intel Xeon X5650,6.0,2667,18.35
2950,CINT2006,Intel Xeon X5650,6.0,2667,18.45
778,CINT2006,Intel Xeon X5650,6.0,2667,19.75
1952,CINT2006,Intel Xeon X5650,6.0,2667,19.8
2707,CINT2006,Intel Xeon X5650,6.0,2667,18.45
1953,CINT2006,Intel Xeon X5650,6.0,2667,18.4
1759,CINT2006,Intel Xeon X5650,6.0,2667,19.75
1595,CINT2006,Intel Xeon X5650,6.0,2667,18.45
8332,CINT2006,Intel Xeon X5650,6.0,2667,18.4
5443,CINT2006,Intel Xeon X5650,6.0,2667,18.3
8229,CINT2006,Intel Xeon X5650,6.0,2666,18.35
13,CINT2006,Intel Xeon X5650,6.0,2667,18.75
5415,CINT2006,Intel Xeon X5650,6.0,2667,18.4
1497,CINT2006,Intel Xeon X5650,6.0,2667,19.8
8240,CINT2006,Intel Xeon X5650,6.0,2666,18.35
5658,CINT2006,Intel Xeon X5650,6.0,2667,18.45
8785,CINT2006,Intel Xeon X5650,6.0,2666,18.3
5849,CINT2006,Intel Xeon X5650,6.0,2667,18.4
8248,CINT2006,Intel Xeon X5650,6.0,2666,18.4
5901,CINT2006,Intel Xeon X5650,6.0,2667,18.4
6181,CINT2006,Intel Xeon X5650,6.0,2667,18.4
6097,CINT2006,Intel Xeon X5650,6.0,2667,18.4
6078,CINT2006,Intel Xeon X5650,6.0,2667,18.3
6016,CINT2006,Intel Xeon X5650,6.0,2667,34.4
6017,CINT2006,Intel Xeon X5650,6.0,2667,18.4
329,CINT2006,Intel Xeon X5650,6.0,2667,19.05
335,CINT2006,Intel Xeon X5650,6.0,2667,19.1
2346,CINT2006,Intel Xeon X5650,6.0,2667,19.85
417,CINT2006,Intel Xeon X5650,6.0,2667,19.75
483,CINT2006,Intel Xeon X5650,6.0,2667,19.85
8209,CINT2006,Intel Xeon X5650,6.0,2667,18.3
484,CINT2006,Intel Xeon X5650,6.0,2667,18.45
520,CINT2006,Intel Xeon X5650,6.0,2667,19.85
7779,CINT2006,Intel Xeon X5680,6.0,3333,21.0
1254,CINT2006,Intel Xeon X5680,6.0,3333,19.15
2956,CINT2006,Intel Xeon X5680,6.0,3333,20.95
153,CINT2006,Intel Xeon X5680,6.0,3333,21.0
8101,CINT2006,Intel Xeon X5680,6.0,3333,22.0
8212,CINT2006,Intel Xeon X5680,6.0,3333,20.8
785,CINT2006,Intel Xeon X5680,6.0,3333,20.9
8251,CINT2006,Intel Xeon X5680,6.0,3333,20.95
2714,CINT2006,Intel Xeon X5680,6.0,3333,21.05
5906,CINT2006,Intel Xeon X5680,6.0,3333,20.95
2689,CINT2006,Intel Xeon X5680,6.0,3333,21.15
1960,CINT2006,Intel Xeon X5680,6.0,3333,20.95
1208,CINT2006,Intel Xeon X5680,6.0,4500,27.5
6188,CINT2006,Intel Xeon X5680,6.0,3333,20.95
143,CINT2006,Intel Xeon X5680,6.0,3333,22.2
2514,CINT2006,Intel Xeon X5680,6.0,3333,21.0
131,CINT2006,Intel Xeon X5680,6.0,3333,21.05
140,CINT2006,Intel Xeon X5680,6.0,3333,21.0
2463,CINT2006,Intel Xeon X5680,6.0,3333,20.9
1505,CINT2006,Intel Xeon X5680,6.0,3333,21.0
139,CINT2006,Intel Xeon X5680,6.0,3333,21.0
6024,CINT2006,Intel Xeon X5680,6.0,3333,20.95
2354,CINT2006,Intel Xeon X5680,6.0,3333,21.0
8255,CINT2006,Intel Xeon X5680,6.0,3333,20.9
7767,CINT2006,Intel Xeon X5680,6.0,3333,21.0
138,CINT2006,Intel Xeon X5680,6.0,3333,20.95
3584,CINT2006,Intel Xeon X5680,6.0,3333,20.4
3556,CINT2006,Intel Xeon X5680,6.0,3333,20.6
129,CINT2006,Intel Xeon X5680,6.0,3333,21.0
3535,CINT2006,Intel Xeon X5680,6.0,3333,20.9
3533,CINT2006,Intel Xeon X5680,6.0,3333,20.95
125,CINT2006,Intel Xeon X5680,6.0,3333,21.0
316,CINT2006,Intel Xeon X5680,6.0,4200,24.4
8206,CINT2006,Intel Xeon X5680,6.0,3333,20.95
730,CINT2006,Intel Xeon X5680,6.0,3333,21.0
3406,CINT2006,Intel Xeon X5680,6.0,3333,20.9
594,CINT2006,Intel Xeon X5680,6.0,3333,20.95
6565,CINT2006,Intel Xeon X5680,6.0,3333,19.05
8233,CINT2006,Intel Xeon X5680,6.0,3333,20.9
8079,CINT2006,Intel Xeon X5680,6.0,3333,20.75
492,CINT2006,Intel Xeon X5680,6.0,3333,20.95
8238,CINT2006,Intel Xeon X5680,6.0,3333,21.05
5450,CINT2006,Intel Xeon X5680,6.0,3333,20.85
1860,CINT2006,Intel Xeon X5680,6.0,3333,20.95
5422,CINT2006,Intel Xeon X5680,6.0,3333,21.05
8236,CINT2006,Intel Xeon X5680,6.0,3333,20.9
3134,CINT2006,Intel Xeon X5680,6.0,3333,20.9
1602,CINT2006,Intel Xeon X5690,6.0,3467,25.05
1603,CINT2006,Intel Xeon X5690,6.0,3467,23.35
1862,CINT2006,Intel Xeon X5690,6.0,3467,25.15
1963,CINT2006,Intel Xeon X5690,6.0,3467,23.35
1508,CINT2006,Intel Xeon X5690,6.0,3467,23.3
1962,CINT2006,Intel Xeon X5690,6.0,3467,25.05
1863,CINT2006,Intel Xeon X5690,6.0,3467,23.35
1507,CINT2006,Intel Xeon X5690,6.0,3467,25.15
6026,CINT2006,Intel Xeon X5690,6.0,3467,22.8
2465,CINT2006,Intel Xeon X5690,6.0,3467,23.3
2356,CINT2006,Intel Xeon X5690,6.0,3467,23.25
3585,CINT2006,Intel Xeon X5690,6.0,3466,22.25
3623,CINT2006,Intel Xeon X5690,6.0,3466,23.25
3625,CINT2006,Intel Xeon X5690,6.0,3466,23.35
596,CINT2006,Intel Xeon X5690,6.0,3467,23.35
7768,CINT2006,Intel Xeon X5690,6.0,3467,23.6
7781,CINT2006,Intel Xeon X5690,6.0,3467,23.6
3970,CINT2006,Intel Xeon X5690,6.0,3467,44.8
4069,CINT2006,Intel Xeon X5690,6.0,3467,22.4
494,CINT2006,Intel Xeon X5690,6.0,3467,23.35
5424,CINT2006,Intel Xeon X5690,6.0,3467,23.1
5452,CINT2006,Intel Xeon X5690,6.0,3467,22.6
5908,CINT2006,Intel Xeon X5690,6.0,3467,23.4
6190,CINT2006,Intel Xeon X5690,6.0,3467,23.2
4003,CINT2006,Intel Xeon X5690,6.0,3467,22.35
3408,CINT2006,Intel Xeon X5690,6.0,3467,23.35
3557,CINT2006,Intel Xeon X5690,6.0,3466,22.2
787,CINT2006,Intel Xeon X5690,6.0,3467,23.3
2515,CINT2006,Intel Xeon X5690,6.0,3467,23.35
794,CINT2006,Intel Xeon X5690,6.0,3467,25.0
8059,CINT2006,Intel Xeon X5690,6.0,3467,23.0
8102,CINT2006,Intel Xeon X5690,6.0,3467,22.95
2691,CINT2006,Intel Xeon X5690,6.0,3467,22.9
2716,CINT2006,Intel Xeon X5690,6.0,3467,22.8
2958,CINT2006,Intel Xeon X5690,6.0,3467,23.25
732,CINT2006,Intel Xeon X5690,6.0,3467,23.25
76,CINT2006,Intel Xeon X5690,6.0,3467,22.75
8080,CINT2006,Intel Xeon X5690,6.0,3467,23.1
3136,CINT2006,Intel Xeon X5690,6.0,3467,23.35
7553,CINT2006,Intel Xeon X7350,4.0,2933,6.125
7009,CINT2006,Intel Xeon X7350,4.0,2933,6.075
8155,CINT2006,Intel Xeon X7350,4.0,2933,6.25
625,CINT2006,Intel Xeon X7460,6.0,2667,6.275
6303,CINT2006,Intel Xeon X7460,6.0,2667,6.375
2123,CINT2006,Intel Xeon X7460,6.0,2666,6.275
6541,CINT2006,Intel Xeon X7460,6.0,2666,6.25
8156,CINT2006,Intel Xeon X7460,6.0,2667,6.325
7934,CINT2006,Intel Xeon X7460,6.0,2667,6.275
4148,CINT2006,Intel Xeon X7460,6.0,2667,6.275
7937,CINT2006,Intel Xeon X7560,8.0,2267,7.925
2153,CINT2006,Intel Xeon X7560,8.0,2266,8.6
5513,CINT2006,Intel Xeon X7560,8.0,2267,16.05
5514,CINT2006,Intel Xeon X7560,8.0,2267,8.1
6322,CINT2006,Intel Xeon X7560,8.0,2267,16.05
6321,CINT2006,Intel Xeon X7560,8.0,2267,8.15
655,CINT2006,Intel Xeon X7560,8.0,2266,8.6
6279,CINT2006,Intel Xeon X7560,8.0,2267,16.1
2154,CINT2006,Intel Xeon X7560,8.0,2267,8.1
656,CINT2006,Intel Xeon X7560,8.0,2267,8.1
3220,CINT2006,Intel Xeon X7560,8.0,2267,8.075
